城市,区,地铁站点数,人均可支配收入（元）,聚类种类
北京市,东城区,42,92464.0,类别1
北京市,西城区,47,92464.0,类别3
北京市,朝阳区,132,92464.0,类别1
北京市,丰台区,73,92464.0,类别3
北京市,石景山区,14,92464.0,类别1
北京市,海淀区,91,92464.0,类别1
北京市,门头沟区,6,92464.0,类别1
北京市,房山区,19,92464.0,类别1
北京市,通州区,30,92464.0,类别1
北京市,顺义区,8,92464.0,类别1
北京市,昌平区,25,92464.0,类别1
北京市,大兴区,20,92464.0,类别1
北京市,怀柔区,0,92464.0,类别1
北京市,平谷区,0,92464.0,类别1
北京市,密云区,0,92464.0,类别1
北京市,延庆区,0,92464.0,类别1
天津市,和平区,9,57705.0,类别4
天津市,河东区,27,57705.0,类别3
天津市,河西区,44,57705.0,类别1
天津市,南开区,28,57705.0,类别3
天津市,河北区,20,57705.0,类别4
天津市,红桥区,12,57705.0,类别4
天津市,东丽区,35,57705.0,类别1
天津市,西青区,21,57705.0,类别4
天津市,津南区,16,57705.0,类别4
天津市,北辰区,28,57705.0,类别3
天津市,武清区,0,57705.0,类别4
天津市,宝坻区,0,57705.0,类别4
天津市,滨海新区,7,57705.0,类别4
天津市,宁河区,0,57705.0,类别4
天津市,静海区,2,57705.0,类别4
天津市,蓟州区,0,57705.0,类别4
石家庄市,长安区,19,45610.0,类别1
石家庄市,桥西区,16,45610.0,类别4
石家庄市,新华区,5,45610.0,类别4
石家庄市,井陉矿区,0,45610.0,类别4
石家庄市,裕华区,18,45610.0,类别1
石家庄市,藁城区,1,45610.0,类别4
石家庄市,鹿泉区,0,45610.0,类别4
石家庄市,栾城区,0,45610.0,类别4
石家庄市,井陉县,0,45610.0,类别4
石家庄市,正定县,4,45610.0,类别4
石家庄市,行唐县,0,45610.0,类别4
石家庄市,灵寿县,0,45610.0,类别4
石家庄市,高邑县,0,45610.0,类别4
石家庄市,深泽县,0,45610.0,类别4
石家庄市,赞皇县,0,45610.0,类别4
石家庄市,无极县,0,45610.0,类别4
石家庄市,平山县,0,45610.0,类别4
石家庄市,元氏县,0,45610.0,类别4
石家庄市,赵县,0,45610.0,类别4
石家庄市,石家庄高新技术产业开发区,0,45610.0,类别4
石家庄市,石家庄循环化工园区,0,45610.0,类别4
石家庄市,辛集市,0,45610.0,类别4
石家庄市,晋州市,0,45610.0,类别4
石家庄市,新乐市,0,45610.0,类别4
唐山市,路南区,0,,类别4
唐山市,路北区,0,,类别4
唐山市,古冶区,0,,类别4
唐山市,开平区,0,,类别4
唐山市,丰南区,0,,类别4
唐山市,丰润区,0,,类别4
唐山市,曹妃甸区,0,,类别4
唐山市,滦南县,0,,类别4
唐山市,乐亭县,0,,类别4
唐山市,迁西县,0,,类别4
唐山市,玉田县,0,,类别4
唐山市,河北唐山芦台经济开发区,0,,类别4
唐山市,唐山市汉沽管理区,0,,类别4
唐山市,唐山高新技术产业开发区,0,,类别4
唐山市,河北唐山海港经济开发区,0,,类别4
唐山市,遵化市,0,,类别4
唐山市,迁安市,0,,类别4
唐山市,滦州市,0,,类别4
秦皇岛市,海港区,0,,类别4
秦皇岛市,山海关区,0,,类别4
秦皇岛市,北戴河区,0,,类别4
秦皇岛市,抚宁区,0,,类别4
秦皇岛市,青龙满族自治县,0,,类别4
秦皇岛市,昌黎县,0,,类别4
秦皇岛市,卢龙县,0,,类别4
秦皇岛市,秦皇岛市经济技术开发区,0,,类别4
秦皇岛市,北戴河新区,0,,类别4
邯郸市,邯山区,0,,类别4
邯郸市,丛台区,0,,类别4
邯郸市,复兴区,0,,类别4
邯郸市,峰峰矿区,0,,类别4
邯郸市,肥乡区,0,,类别4
邯郸市,永年区,0,,类别4
邯郸市,临漳县,0,,类别4
邯郸市,成安县,0,,类别4
邯郸市,大名县,0,,类别4
邯郸市,涉县,0,,类别4
邯郸市,磁县,0,,类别4
邯郸市,邱县,0,,类别4
邯郸市,鸡泽县,0,,类别4
邯郸市,广平县,0,,类别4
邯郸市,馆陶县,0,,类别4
邯郸市,魏县,0,,类别4
邯郸市,曲周县,0,,类别4
邯郸市,邯郸经济技术开发区,0,,类别4
邯郸市,邯郸冀南新区,0,,类别4
邯郸市,武安市,0,,类别4
邢台市,襄都区,0,,类别4
邢台市,信都区,0,,类别4
邢台市,任泽区,0,,类别4
邢台市,南和区,0,,类别4
邢台市,临城县,0,,类别4
邢台市,内丘县,0,,类别4
邢台市,柏乡县,0,,类别4
邢台市,隆尧县,0,,类别4
邢台市,宁晋县,0,,类别4
邢台市,巨鹿县,0,,类别4
邢台市,新河县,0,,类别4
邢台市,广宗县,0,,类别4
邢台市,平乡县,0,,类别4
邢台市,威县,0,,类别4
邢台市,清河县,0,,类别4
邢台市,临西县,0,,类别4
邢台市,河北邢台经济开发区,0,,类别4
邢台市,南宫市,0,,类别4
邢台市,沙河市,0,,类别4
保定市,竞秀区,0,,类别4
保定市,莲池区,0,,类别4
保定市,满城区,0,,类别4
保定市,清苑区,0,,类别4
保定市,徐水区,0,,类别4
保定市,涞水县,0,,类别4
保定市,阜平县,0,,类别4
保定市,定兴县,0,,类别4
保定市,唐县,0,,类别4
保定市,高阳县,0,,类别4
保定市,容城县,0,,类别4
保定市,涞源县,0,,类别4
保定市,望都县,0,,类别4
保定市,安新县,0,,类别4
保定市,易县,0,,类别4
保定市,曲阳县,0,,类别4
保定市,蠡县,0,,类别4
保定市,顺平县,0,,类别4
保定市,博野县,0,,类别4
保定市,雄县,0,,类别4
保定市,保定高新技术产业开发区,0,,类别4
保定市,保定白沟新城,0,,类别4
保定市,涿州市,0,,类别4
保定市,定州市,0,,类别4
保定市,安国市,0,,类别4
保定市,高碑店市,0,,类别4
张家口市,桥东区,0,,类别4
张家口市,桥西区,0,,类别4
张家口市,宣化区,0,,类别4
张家口市,下花园区,0,,类别4
张家口市,万全区,0,,类别4
张家口市,崇礼区,0,,类别4
张家口市,张北县,0,,类别4
张家口市,康保县,0,,类别4
张家口市,沽源县,0,,类别4
张家口市,尚义县,0,,类别4
张家口市,蔚县,0,,类别4
张家口市,阳原县,0,,类别4
张家口市,怀安县,0,,类别4
张家口市,怀来县,0,,类别4
张家口市,涿鹿县,0,,类别4
张家口市,赤城县,0,,类别4
张家口市,张家口经济开发区,0,,类别4
张家口市,张家口市察北管理区,0,,类别4
张家口市,张家口市塞北管理区,0,,类别4
承德市,双桥区,0,,类别4
承德市,双滦区,0,,类别4
承德市,鹰手营子矿区,0,,类别4
承德市,承德县,0,,类别4
承德市,兴隆县,0,,类别4
承德市,滦平县,0,,类别4
承德市,隆化县,0,,类别4
承德市,丰宁满族自治县,0,,类别4
承德市,宽城满族自治县,0,,类别4
承德市,围场满族蒙古族自治县,0,,类别4
承德市,承德高新技术产业开发区,0,,类别4
承德市,平泉市,0,,类别4
沧州市,新华区,0,,类别4
沧州市,运河区,0,,类别4
沧州市,沧县,0,,类别4
沧州市,青县,0,,类别4
沧州市,东光县,0,,类别4
沧州市,海兴县,0,,类别4
沧州市,盐山县,0,,类别4
沧州市,肃宁县,0,,类别4
沧州市,南皮县,0,,类别4
沧州市,吴桥县,0,,类别4
沧州市,献县,0,,类别4
沧州市,孟村回族自治县,0,,类别4
沧州市,河北沧州经济开发区,0,,类别4
沧州市,沧州高新技术产业开发区,0,,类别4
沧州市,沧州渤海新区,0,,类别4
沧州市,泊头市,0,,类别4
沧州市,任丘市,0,,类别4
沧州市,黄骅市,0,,类别4
沧州市,河间市,0,,类别4
廊坊市,安次区,0,,类别4
廊坊市,广阳区,0,,类别4
廊坊市,固安县,0,,类别4
廊坊市,永清县,0,,类别4
廊坊市,香河县,0,,类别4
廊坊市,大城县,0,,类别4
廊坊市,文安县,0,,类别4
廊坊市,大厂回族自治县,0,,类别4
廊坊市,廊坊经济技术开发区,0,,类别4
廊坊市,霸州市,0,,类别4
廊坊市,三河市,0,,类别4
衡水市,桃城区,0,,类别4
衡水市,冀州区,0,,类别4
衡水市,枣强县,0,,类别4
衡水市,武邑县,0,,类别4
衡水市,武强县,0,,类别4
衡水市,饶阳县,0,,类别4
衡水市,安平县,0,,类别4
衡水市,故城县,0,,类别4
衡水市,景县,0,,类别4
衡水市,阜城县,0,,类别4
衡水市,河北衡水高新技术产业开发区,0,,类别4
衡水市,衡水滨湖新区,0,,类别4
衡水市,深州市,0,,类别4
太原市,小店区,20,43036.0,类别4
太原市,迎泽区,14,43036.0,类别4
太原市,杏花岭区,4,43036.0,类别4
太原市,尖草坪区,2,43036.0,类别4
太原市,万柏林区,7,43036.0,类别4
太原市,晋源区,0,43036.0,类别4
太原市,清徐县,0,43036.0,类别4
太原市,阳曲县,0,43036.0,类别4
太原市,娄烦县,0,43036.0,类别4
太原市,山西转型综合改革示范区,0,43036.0,类别4
太原市,古交市,0,43036.0,类别4
大同市,新荣区,0,,类别4
大同市,平城区,0,,类别4
大同市,云冈区,0,,类别4
大同市,云州区,0,,类别4
大同市,阳高县,0,,类别4
大同市,天镇县,0,,类别4
大同市,广灵县,0,,类别4
大同市,灵丘县,0,,类别4
大同市,浑源县,0,,类别4
大同市,左云县,0,,类别4
大同市,山西大同经济开发区,0,,类别4
阳泉市,城区,0,,类别4
阳泉市,矿区,0,,类别4
阳泉市,郊区,0,,类别4
阳泉市,平定县,0,,类别4
阳泉市,盂县,0,,类别4
长治市,潞州区,0,,类别4
长治市,上党区,0,,类别4
长治市,屯留区,0,,类别4
长治市,潞城区,0,,类别4
长治市,襄垣县,0,,类别4
长治市,平顺县,0,,类别4
长治市,黎城县,0,,类别4
长治市,壶关县,0,,类别4
长治市,长子县,0,,类别4
长治市,武乡县,0,,类别4
长治市,沁县,0,,类别4
长治市,沁源县,0,,类别4
晋城市,城区,0,,类别4
晋城市,沁水县,0,,类别4
晋城市,阳城县,0,,类别4
晋城市,陵川县,0,,类别4
晋城市,泽州县,0,,类别4
晋城市,高平市,0,,类别4
朔州市,朔城区,0,,类别4
朔州市,平鲁区,0,,类别4
朔州市,山阴县,0,,类别4
朔州市,应县,0,,类别4
朔州市,右玉县,0,,类别4
朔州市,山西朔州经济开发区,0,,类别4
朔州市,怀仁市,0,,类别4
晋中市,榆次区,0,,类别4
晋中市,太谷区,0,,类别4
晋中市,榆社县,0,,类别4
晋中市,左权县,0,,类别4
晋中市,和顺县,0,,类别4
晋中市,昔阳县,0,,类别4
晋中市,寿阳县,0,,类别4
晋中市,祁县,0,,类别4
晋中市,平遥县,0,,类别4
晋中市,灵石县,0,,类别4
晋中市,介休市,0,,类别4
运城市,盐湖区,0,,类别4
运城市,临猗县,0,,类别4
运城市,万荣县,0,,类别4
运城市,闻喜县,0,,类别4
运城市,稷山县,0,,类别4
运城市,新绛县,0,,类别4
运城市,绛县,0,,类别4
运城市,垣曲县,0,,类别4
运城市,夏县,0,,类别4
运城市,平陆县,0,,类别4
运城市,芮城县,0,,类别4
运城市,永济市,0,,类别4
运城市,河津市,0,,类别4
忻州市,忻府区,0,,类别4
忻州市,定襄县,0,,类别4
忻州市,五台县,0,,类别4
忻州市,代县,0,,类别4
忻州市,繁峙县,0,,类别4
忻州市,宁武县,0,,类别4
忻州市,静乐县,0,,类别4
忻州市,神池县,0,,类别4
忻州市,五寨县,0,,类别4
忻州市,岢岚县,0,,类别4
忻州市,河曲县,0,,类别4
忻州市,保德县,0,,类别4
忻州市,偏关县,0,,类别4
忻州市,五台山风景名胜区,0,,类别4
忻州市,原平市,0,,类别4
临汾市,尧都区,0,,类别4
临汾市,曲沃县,0,,类别4
临汾市,翼城县,0,,类别4
临汾市,襄汾县,0,,类别4
临汾市,洪洞县,0,,类别4
临汾市,古县,0,,类别4
临汾市,安泽县,0,,类别4
临汾市,浮山县,0,,类别4
临汾市,吉县,0,,类别4
临汾市,乡宁县,0,,类别4
临汾市,大宁县,0,,类别4
临汾市,隰县,0,,类别4
临汾市,永和县,0,,类别4
临汾市,蒲县,0,,类别4
临汾市,汾西县,0,,类别4
临汾市,侯马市,0,,类别4
临汾市,霍州市,0,,类别4
吕梁市,离石区,0,,类别4
吕梁市,文水县,0,,类别4
吕梁市,交城县,0,,类别4
吕梁市,兴县,0,,类别4
吕梁市,临县,0,,类别4
吕梁市,柳林县,0,,类别4
吕梁市,石楼县,0,,类别4
吕梁市,岚县,0,,类别4
吕梁市,方山县,0,,类别4
吕梁市,中阳县,0,,类别4
吕梁市,交口县,0,,类别4
吕梁市,孝义市,0,,类别4
吕梁市,汾阳市,0,,类别4
呼和浩特市,新城区,23,50888.0,类别4
呼和浩特市,回民区,6,50888.0,类别4
呼和浩特市,玉泉区,3,50888.0,类别4
呼和浩特市,赛罕区,11,50888.0,类别4
呼和浩特市,土默特左旗,1,50888.0,类别4
呼和浩特市,托克托县,0,50888.0,类别4
呼和浩特市,和林格尔县,0,50888.0,类别4
呼和浩特市,清水河县,0,50888.0,类别4
呼和浩特市,武川县,0,50888.0,类别4
呼和浩特市,呼和浩特经济技术开发区,0,50888.0,类别4
包头市,东河区,0,,类别4
包头市,昆都仑区,0,,类别4
包头市,青山区,0,,类别4
包头市,石拐区,0,,类别4
包头市,白云鄂博矿区,0,,类别4
包头市,九原区,0,,类别4
包头市,土默特右旗,0,,类别4
包头市,固阳县,0,,类别4
包头市,达尔罕茂明安联合旗,0,,类别4
包头市,包头稀土高新技术产业开发区,0,,类别4
乌海市,海勃湾区,0,,类别4
乌海市,海南区,0,,类别4
乌海市,乌达区,0,,类别4
赤峰市,红山区,0,,类别4
赤峰市,元宝山区,0,,类别4
赤峰市,松山区,0,,类别4
赤峰市,阿鲁科尔沁旗,0,,类别4
赤峰市,巴林左旗,0,,类别4
赤峰市,巴林右旗,0,,类别4
赤峰市,林西县,0,,类别4
赤峰市,克什克腾旗,0,,类别4
赤峰市,翁牛特旗,0,,类别4
赤峰市,喀喇沁旗,0,,类别4
赤峰市,宁城县,0,,类别4
赤峰市,敖汉旗,0,,类别4
通辽市,科尔沁区,0,,类别4
通辽市,科尔沁左翼中旗,0,,类别4
通辽市,科尔沁左翼后旗,0,,类别4
通辽市,开鲁县,0,,类别4
通辽市,库伦旗,0,,类别4
通辽市,奈曼旗,0,,类别4
通辽市,扎鲁特旗,0,,类别4
通辽市,通辽经济技术开发区,0,,类别4
通辽市,霍林郭勒市,0,,类别4
鄂尔多斯市,东胜区,0,,类别4
鄂尔多斯市,康巴什区,0,,类别4
鄂尔多斯市,达拉特旗,0,,类别4
鄂尔多斯市,准格尔旗,0,,类别4
鄂尔多斯市,鄂托克前旗,0,,类别4
鄂尔多斯市,鄂托克旗,0,,类别4
鄂尔多斯市,杭锦旗,0,,类别4
鄂尔多斯市,乌审旗,0,,类别4
鄂尔多斯市,伊金霍洛旗,0,,类别4
呼伦贝尔市,海拉尔区,0,,类别4
呼伦贝尔市,扎赉诺尔区,0,,类别4
呼伦贝尔市,阿荣旗,0,,类别4
呼伦贝尔市,莫力达瓦达斡尔族自治旗,0,,类别4
呼伦贝尔市,鄂伦春自治旗,0,,类别4
呼伦贝尔市,鄂温克族自治旗,0,,类别4
呼伦贝尔市,陈巴尔虎旗,0,,类别4
呼伦贝尔市,新巴尔虎左旗,0,,类别4
呼伦贝尔市,新巴尔虎右旗,0,,类别4
呼伦贝尔市,满洲里市,0,,类别4
呼伦贝尔市,牙克石市,0,,类别4
呼伦贝尔市,扎兰屯市,0,,类别4
呼伦贝尔市,额尔古纳市,0,,类别4
呼伦贝尔市,根河市,0,,类别4
巴彦淖尔市,临河区,0,,类别4
巴彦淖尔市,五原县,0,,类别4
巴彦淖尔市,磴口县,0,,类别4
巴彦淖尔市,乌拉特前旗,0,,类别4
巴彦淖尔市,乌拉特中旗,0,,类别4
巴彦淖尔市,乌拉特后旗,0,,类别4
巴彦淖尔市,杭锦后旗,0,,类别4
乌兰察布市,集宁区,0,,类别4
乌兰察布市,卓资县,0,,类别4
乌兰察布市,化德县,0,,类别4
乌兰察布市,商都县,0,,类别4
乌兰察布市,兴和县,0,,类别4
乌兰察布市,凉城县,0,,类别4
乌兰察布市,察哈尔右翼前旗,0,,类别4
乌兰察布市,察哈尔右翼中旗,0,,类别4
乌兰察布市,察哈尔右翼后旗,0,,类别4
乌兰察布市,四子王旗,0,,类别4
乌兰察布市,丰镇市,0,,类别4
兴安盟,乌兰浩特市,0,,类别4
兴安盟,阿尔山市,0,,类别4
兴安盟,科尔沁右翼前旗,0,,类别4
兴安盟,科尔沁右翼中旗,0,,类别4
兴安盟,扎赉特旗,0,,类别4
兴安盟,突泉县,0,,类别4
锡林郭勒盟,二连浩特市,0,,类别4
锡林郭勒盟,锡林浩特市,0,,类别4
锡林郭勒盟,阿巴嘎旗,0,,类别4
锡林郭勒盟,苏尼特左旗,0,,类别4
锡林郭勒盟,苏尼特右旗,0,,类别4
锡林郭勒盟,东乌珠穆沁旗,0,,类别4
锡林郭勒盟,西乌珠穆沁旗,0,,类别4
锡林郭勒盟,太仆寺旗,0,,类别4
锡林郭勒盟,镶黄旗,0,,类别4
锡林郭勒盟,正镶白旗,0,,类别4
锡林郭勒盟,正蓝旗,0,,类别4
锡林郭勒盟,多伦县,0,,类别4
锡林郭勒盟,乌拉盖管理区管委会,0,,类别4
阿拉善盟,阿拉善左旗,0,,类别4
阿拉善盟,阿拉善右旗,0,,类别4
阿拉善盟,额济纳旗,0,,类别4
阿拉善盟,内蒙古阿拉善高新技术产业开发区,0,,类别4
沈阳市,和平区,17,47982.0,类别4
沈阳市,沈河区,18,47982.0,类别4
沈阳市,大东区,16,47982.0,类别4
沈阳市,皇姑区,16,47982.0,类别4
沈阳市,铁西区,25,47982.0,类别3
沈阳市,苏家屯区,1,47982.0,类别4
沈阳市,浑南区,33,47982.0,类别3
沈阳市,沈北新区,6,47982.0,类别4
沈阳市,于洪区,14,47982.0,类别4
沈阳市,辽中区,0,47982.0,类别4
沈阳市,康平县,0,47982.0,类别4
沈阳市,法库县,0,47982.0,类别4
沈阳市,新民市,0,47982.0,类别4
大连市,中山区,16,47982.0,类别4
大连市,西岗区,7,47982.0,类别4
大连市,沙河口区,16,47982.0,类别4
大连市,甘井子区,44,47982.0,类别1
大连市,旅顺口区,6,47982.0,类别4
大连市,金州区,26,47982.0,类别3
大连市,普兰店区,5,47982.0,类别4
大连市,长海县,0,47982.0,类别4
大连市,瓦房店市,0,47982.0,类别4
大连市,庄河市,0,47982.0,类别4
鞍山市,铁东区,0,,类别4
鞍山市,铁西区,0,,类别4
鞍山市,立山区,0,,类别4
鞍山市,千山区,0,,类别4
鞍山市,台安县,0,,类别4
鞍山市,岫岩满族自治县,0,,类别4
鞍山市,海城市,0,,类别4
抚顺市,新抚区,0,,类别4
抚顺市,东洲区,0,,类别4
抚顺市,望花区,0,,类别4
抚顺市,顺城区,0,,类别4
抚顺市,抚顺县,0,,类别4
抚顺市,新宾满族自治县,0,,类别4
抚顺市,清原满族自治县,0,,类别4
本溪市,平山区,0,,类别4
本溪市,溪湖区,0,,类别4
本溪市,明山区,0,,类别4
本溪市,南芬区,0,,类别4
本溪市,本溪满族自治县,0,,类别4
本溪市,桓仁满族自治县,0,,类别4
丹东市,元宝区,0,,类别4
丹东市,振兴区,0,,类别4
丹东市,振安区,0,,类别4
丹东市,宽甸满族自治县,0,,类别4
丹东市,东港市,0,,类别4
丹东市,凤城市,0,,类别4
锦州市,古塔区,0,,类别4
锦州市,凌河区,0,,类别4
锦州市,太和区,0,,类别4
锦州市,黑山县,0,,类别4
锦州市,义县,0,,类别4
锦州市,凌海市,0,,类别4
锦州市,北镇市,0,,类别4
营口市,站前区,0,,类别4
营口市,西市区,0,,类别4
营口市,鲅鱼圈区,0,,类别4
营口市,老边区,0,,类别4
营口市,盖州市,0,,类别4
营口市,大石桥市,0,,类别4
阜新市,海州区,0,,类别4
阜新市,新邱区,0,,类别4
阜新市,太平区,0,,类别4
阜新市,清河门区,0,,类别4
阜新市,细河区,0,,类别4
阜新市,阜新蒙古族自治县,0,,类别4
阜新市,彰武县,0,,类别4
辽阳市,白塔区,0,,类别4
辽阳市,文圣区,0,,类别4
辽阳市,宏伟区,0,,类别4
辽阳市,弓长岭区,0,,类别4
辽阳市,太子河区,0,,类别4
辽阳市,辽阳县,0,,类别4
辽阳市,灯塔市,0,,类别4
盘锦市,双台子区,0,,类别4
盘锦市,兴隆台区,0,,类别4
盘锦市,大洼区,0,,类别4
盘锦市,盘山县,0,,类别4
铁岭市,银州区,0,,类别4
铁岭市,清河区,0,,类别4
铁岭市,铁岭县,0,,类别4
铁岭市,西丰县,0,,类别4
铁岭市,昌图县,0,,类别4
铁岭市,调兵山市,0,,类别4
铁岭市,开原市,0,,类别4
朝阳市,双塔区,0,,类别4
朝阳市,龙城区,0,,类别4
朝阳市,朝阳县,0,,类别4
朝阳市,建平县,0,,类别4
朝阳市,喀喇沁左翼蒙古族自治县,0,,类别4
朝阳市,北票市,0,,类别4
朝阳市,凌源市,0,,类别4
葫芦岛市,连山区,0,,类别4
葫芦岛市,龙港区,0,,类别4
葫芦岛市,南票区,0,,类别4
葫芦岛市,绥中县,0,,类别4
葫芦岛市,建昌县,0,,类别4
葫芦岛市,兴城市,0,,类别4
长春市,南关区,56,39157.0,类别1
长春市,宽城区,25,39157.0,类别3
长春市,朝阳区,20,39157.0,类别4
长春市,二道区,8,39157.0,类别4
长春市,绿园区,16,39157.0,类别4
长春市,双阳区,0,39157.0,类别4
长春市,九台区,0,39157.0,类别4
长春市,农安县,0,39157.0,类别4
长春市,长春经济技术开发区,0,39157.0,类别4
长春市,长春净月高新技术产业开发区,0,39157.0,类别4
长春市,长春高新技术产业开发区,0,39157.0,类别4
长春市,长春汽车经济技术开发区,0,39157.0,类别4
长春市,榆树市,0,39157.0,类别4
长春市,德惠市,0,39157.0,类别4
长春市,公主岭市,0,39157.0,类别4
吉林市,昌邑区,0,,类别4
吉林市,龙潭区,0,,类别4
吉林市,船营区,0,,类别4
吉林市,丰满区,0,,类别4
吉林市,永吉县,0,,类别4
吉林市,吉林经济开发区,0,,类别4
吉林市,吉林高新技术产业开发区,0,,类别4
吉林市,吉林中国新加坡食品区,0,,类别4
吉林市,蛟河市,0,,类别4
吉林市,桦甸市,0,,类别4
吉林市,舒兰市,0,,类别4
吉林市,磐石市,0,,类别4
四平市,铁西区,0,,类别4
四平市,铁东区,0,,类别4
四平市,梨树县,0,,类别4
四平市,伊通满族自治县,0,,类别4
四平市,双辽市,0,,类别4
辽源市,龙山区,0,,类别4
辽源市,西安区,0,,类别4
辽源市,东丰县,0,,类别4
辽源市,东辽县,0,,类别4
通化市,东昌区,0,,类别4
通化市,二道江区,0,,类别4
通化市,通化县,0,,类别4
通化市,辉南县,0,,类别4
通化市,柳河县,0,,类别4
通化市,梅河口市,0,,类别4
通化市,集安市,0,,类别4
白山市,浑江区,0,,类别4
白山市,江源区,0,,类别4
白山市,抚松县,0,,类别4
白山市,靖宇县,0,,类别4
白山市,长白朝鲜族自治县,0,,类别4
白山市,临江市,0,,类别4
松原市,宁江区,0,,类别4
松原市,前郭尔罗斯蒙古族自治县,0,,类别4
松原市,长岭县,0,,类别4
松原市,乾安县,0,,类别4
松原市,吉林松原经济开发区,0,,类别4
松原市,扶余市,0,,类别4
白城市,洮北区,0,,类别4
白城市,镇赉县,0,,类别4
白城市,通榆县,0,,类别4
白城市,吉林白城经济开发区,0,,类别4
白城市,洮南市,0,,类别4
白城市,大安市,0,,类别4
延边朝鲜族自治州,延吉市,0,,类别4
延边朝鲜族自治州,图们市,0,,类别4
延边朝鲜族自治州,敦化市,0,,类别4
延边朝鲜族自治州,珲春市,0,,类别4
延边朝鲜族自治州,龙井市,0,,类别4
延边朝鲜族自治州,和龙市,0,,类别4
延边朝鲜族自治州,汪清县,0,,类别4
延边朝鲜族自治州,安图县,0,,类别4
哈尔滨市,道里区,16,38212.0,类别4
哈尔滨市,南岗区,27,38212.0,类别4
哈尔滨市,道外区,11,38212.0,类别4
哈尔滨市,平房区,1,38212.0,类别4
哈尔滨市,松北区,5,38212.0,类别4
哈尔滨市,香坊区,17,38212.0,类别4
哈尔滨市,呼兰区,2,38212.0,类别4
哈尔滨市,阿城区,0,38212.0,类别4
哈尔滨市,双城区,0,38212.0,类别4
哈尔滨市,依兰县,0,38212.0,类别4
哈尔滨市,方正县,0,38212.0,类别4
哈尔滨市,宾县,0,38212.0,类别4
哈尔滨市,巴彦县,0,38212.0,类别4
哈尔滨市,木兰县,0,38212.0,类别4
哈尔滨市,通河县,0,38212.0,类别4
哈尔滨市,延寿县,0,38212.0,类别4
哈尔滨市,尚志市,0,38212.0,类别4
哈尔滨市,五常市,0,38212.0,类别4
齐齐哈尔市,龙沙区,0,,类别4
齐齐哈尔市,建华区,0,,类别4
齐齐哈尔市,铁锋区,0,,类别4
齐齐哈尔市,昂昂溪区,0,,类别4
齐齐哈尔市,富拉尔基区,0,,类别4
齐齐哈尔市,碾子山区,0,,类别4
齐齐哈尔市,梅里斯达斡尔族区,0,,类别4
齐齐哈尔市,龙江县,0,,类别4
齐齐哈尔市,依安县,0,,类别4
齐齐哈尔市,泰来县,0,,类别4
齐齐哈尔市,甘南县,0,,类别4
齐齐哈尔市,富裕县,0,,类别4
齐齐哈尔市,克山县,0,,类别4
齐齐哈尔市,克东县,0,,类别4
齐齐哈尔市,拜泉县,0,,类别4
齐齐哈尔市,讷河市,0,,类别4
鸡西市,鸡冠区,0,,类别4
鸡西市,恒山区,0,,类别4
鸡西市,滴道区,0,,类别4
鸡西市,梨树区,0,,类别4
鸡西市,城子河区,0,,类别4
鸡西市,麻山区,0,,类别4
鸡西市,鸡东县,0,,类别4
鸡西市,虎林市,0,,类别4
鸡西市,密山市,0,,类别4
鹤岗市,向阳区,0,,类别4
鹤岗市,工农区,0,,类别4
鹤岗市,南山区,0,,类别4
鹤岗市,兴安区,0,,类别4
鹤岗市,东山区,0,,类别4
鹤岗市,兴山区,0,,类别4
鹤岗市,萝北县,0,,类别4
鹤岗市,绥滨县,0,,类别4
双鸭山市,尖山区,0,,类别4
双鸭山市,岭东区,0,,类别4
双鸭山市,四方台区,0,,类别4
双鸭山市,宝山区,0,,类别1
双鸭山市,集贤县,0,,类别4
双鸭山市,友谊县,0,,类别4
双鸭山市,宝清县,0,,类别4
双鸭山市,饶河县,0,,类别4
大庆市,萨尔图区,0,,类别4
大庆市,龙凤区,0,,类别4
大庆市,让胡路区,0,,类别4
大庆市,红岗区,0,,类别4
大庆市,大同区,0,,类别4
大庆市,肇州县,0,,类别4
大庆市,肇源县,0,,类别4
大庆市,林甸县,0,,类别4
大庆市,杜尔伯特蒙古族自治县,0,,类别4
大庆市,大庆高新技术产业开发区,0,,类别4
伊春市,伊美区,0,,类别4
伊春市,乌翠区,0,,类别4
伊春市,友好区,0,,类别4
伊春市,嘉荫县,0,,类别4
伊春市,汤旺县,0,,类别4
伊春市,丰林县,0,,类别4
伊春市,大箐山县,0,,类别4
伊春市,南岔县,0,,类别4
伊春市,金林区,0,,类别4
伊春市,铁力市,0,,类别4
佳木斯市,向阳区,0,,类别4
佳木斯市,前进区,0,,类别4
佳木斯市,东风区,0,,类别4
佳木斯市,郊区,0,,类别4
佳木斯市,桦南县,0,,类别4
佳木斯市,桦川县,0,,类别4
佳木斯市,汤原县,0,,类别4
佳木斯市,同江市,0,,类别4
佳木斯市,富锦市,0,,类别4
佳木斯市,抚远市,0,,类别4
七台河市,新兴区,0,,类别4
七台河市,桃山区,0,,类别4
七台河市,茄子河区,0,,类别4
七台河市,勃利县,0,,类别4
牡丹江市,东安区,0,,类别4
牡丹江市,阳明区,0,,类别4
牡丹江市,爱民区,0,,类别4
牡丹江市,西安区,0,,类别4
牡丹江市,林口县,0,,类别4
牡丹江市,绥芬河市,0,,类别4
牡丹江市,海林市,0,,类别4
牡丹江市,宁安市,0,,类别4
牡丹江市,穆棱市,0,,类别4
牡丹江市,东宁市,0,,类别4
黑河市,爱辉区,0,,类别4
黑河市,逊克县,0,,类别4
黑河市,孙吴县,0,,类别4
黑河市,北安市,0,,类别4
黑河市,五大连池市,0,,类别4
黑河市,嫩江市,0,,类别4
绥化市,北林区,0,,类别4
绥化市,望奎县,0,,类别4
绥化市,兰西县,0,,类别4
绥化市,青冈县,0,,类别4
绥化市,庆安县,0,,类别4
绥化市,明水县,0,,类别4
绥化市,绥棱县,0,,类别4
绥化市,安达市,0,,类别4
绥化市,肇东市,0,,类别4
绥化市,海伦市,0,,类别4
大兴安岭地区,漠河市,0,,类别4
大兴安岭地区,呼玛县,0,,类别4
大兴安岭地区,塔河县,0,,类别4
大兴安岭地区,加格达奇区,0,,类别4
大兴安岭地区,松岭区,0,,类别4
大兴安岭地区,新林区,0,,类别4
大兴安岭地区,呼中区,0,,类别4
市辖区,黄浦区,0,,类别4
市辖区,徐汇区,0,,类别3
市辖区,长宁区,0,,类别4
市辖区,静安区,0,,类别4
市辖区,普陀区,0,,类别4
市辖区,虹口区,0,,类别3
市辖区,杨浦区,0,,类别3
市辖区,闵行区,0,,类别1
市辖区,宝山区,0,,类别1
市辖区,嘉定区,0,,类别1
市辖区,浦东新区,0,,类别1
市辖区,金山区,0,,类别1
市辖区,松江区,0,,类别1
市辖区,青浦区,0,,类别4
市辖区,奉贤区,0,,类别1
市辖区,崇明区,0,,类别1
南京市,玄武区,22,66173.0,类别4
南京市,秦淮区,22,66173.0,类别4
南京市,建邺区,34,66173.0,类别3
南京市,鼓楼区,29,66173.0,类别3
南京市,浦口区,25,66173.0,类别3
南京市,栖霞区,27,66173.0,类别3
南京市,雨花台区,19,66173.0,类别1
南京市,江宁区,47,66173.0,类别1
南京市,六合区,13,66173.0,类别1
南京市,溧水区,10,66173.0,类别1
南京市,高淳区,2,66173.0,类别4
无锡市,锡山区,8,,类别4
无锡市,惠山区,10,,类别4
无锡市,滨湖区,28,,类别4
无锡市,梁溪区,30,,类别4
无锡市,新吴区,12,,类别4
无锡市,江阴市,9,,类别4
无锡市,宜兴市,0,,类别4
徐州市,鼓楼区,18,,类别4
徐州市,云龙区,15,,类别4
徐州市,贾汪区,3,,类别4
徐州市,泉山区,15,,类别4
徐州市,铜山区,9,,类别4
徐州市,丰县,0,,类别4
徐州市,沛县,0,,类别4
徐州市,睢宁县,0,,类别4
徐州市,徐州经济技术开发区,0,,类别4
徐州市,新沂市,0,,类别4
徐州市,邳州市,0,,类别4
常州市,天宁区,12,,类别4
常州市,钟楼区,6,,类别4
常州市,新北区,12,,类别4
常州市,武进区,14,,类别4
常州市,金坛区,0,,类别4
常州市,溧阳市,0,,类别4
苏州市,虎丘区,59,78251.0,类别3
苏州市,吴中区,97,78251.0,类别1
苏州市,相城区,29,78251.0,类别1
苏州市,姑苏区,51,78251.0,类别1
苏州市,吴江区,13,78251.0,类别4
苏州市,苏州工业园区,0,78251.0,类别1
苏州市,常熟市,0,78251.0,类别1
苏州市,张家港市,0,78251.0,类别4
苏州市,昆山市,26,78251.0,类别1
苏州市,太仓市,0,78251.0,类别4
南通市,通州区,0,,类别4
南通市,崇川区,0,,类别4
南通市,海门区,0,,类别4
南通市,如东县,0,,类别4
南通市,南通经济技术开发区,0,,类别4
南通市,启东市,0,,类别4
南通市,如皋市,0,,类别4
南通市,海安市,0,,类别4
连云港市,连云区,0,,类别4
连云港市,海州区,0,,类别4
连云港市,赣榆区,0,,类别4
连云港市,东海县,0,,类别4
连云港市,灌云县,0,,类别4
连云港市,灌南县,0,,类别4
连云港市,连云港经济技术开发区,0,,类别4
淮安市,淮安区,0,,类别4
淮安市,淮阴区,0,,类别4
淮安市,清江浦区,0,,类别4
淮安市,洪泽区,0,,类别4
淮安市,涟水县,0,,类别4
淮安市,盱眙县,0,,类别4
淮安市,金湖县,0,,类别4
淮安市,淮安经济技术开发区,0,,类别4
盐城市,亭湖区,0,,类别4
盐城市,盐都区,0,,类别4
盐城市,大丰区,0,,类别4
盐城市,响水县,0,,类别4
盐城市,滨海县,0,,类别4
盐城市,阜宁县,0,,类别4
盐城市,射阳县,0,,类别4
盐城市,建湖县,0,,类别4
盐城市,盐城经济技术开发区,0,,类别4
盐城市,东台市,0,,类别4
扬州市,广陵区,0,,类别4
扬州市,邗江区,0,,类别4
扬州市,江都区,0,,类别4
扬州市,宝应县,0,,类别4
扬州市,扬州经济技术开发区,0,,类别4
扬州市,仪征市,0,,类别4
扬州市,高邮市,0,,类别4
镇江市,京口区,0,,类别4
镇江市,润州区,0,,类别4
镇江市,丹徒区,0,,类别4
镇江市,镇江新区,0,,类别4
镇江市,丹阳市,0,,类别4
镇江市,扬中市,0,,类别4
镇江市,句容市,0,,类别4
泰州市,海陵区,0,,类别4
泰州市,高港区,0,,类别4
泰州市,姜堰区,0,,类别4
泰州市,兴化市,0,,类别4
泰州市,靖江市,0,,类别4
泰州市,泰兴市,0,,类别4
宿迁市,宿城区,0,,类别4
宿迁市,宿豫区,0,,类别4
宿迁市,沭阳县,0,,类别4
宿迁市,泗阳县,0,,类别4
宿迁市,泗洪县,0,,类别4
宿迁市,宿迁经济技术开发区,0,,类别4
杭州市,上城区,84,78251.0,类别3
杭州市,拱墅区,61,78251.0,类别3
杭州市,西湖区,50,78251.0,类别3
杭州市,滨江区,37,78251.0,类别1
杭州市,萧山区,54,78251.0,类别3
杭州市,余杭区,40,78251.0,类别3
杭州市,富阳区,9,78251.0,类别4
杭州市,临安区,6,78251.0,类别1
杭州市,临平区,20,78251.0,类别1
杭州市,钱塘区,22,78251.0,类别1
杭州市,桐庐县,0,78251.0,类别4
杭州市,淳安县,0,78251.0,类别4
杭州市,建德市,0,78251.0,类别1
宁波市,海曙区,40,78251.0,类别1
宁波市,江北区,34,78251.0,类别4
宁波市,北仑区,7,78251.0,类别1
宁波市,镇海区,16,78251.0,类别4
宁波市,鄞州区,75,78251.0,类别3
宁波市,奉化区,5,78251.0,类别4
宁波市,象山县,0,78251.0,类别1
宁波市,宁海县,0,78251.0,类别1
宁波市,余姚市,0,78251.0,类别1
宁波市,慈溪市,0,78251.0,类别1
温州市,鹿城区,2,,类别4
温州市,龙湾区,11,,类别4
温州市,瓯海区,6,,类别4
温州市,洞头区,5,,类别4
温州市,永嘉县,0,,类别4
温州市,平阳县,0,,类别4
温州市,苍南县,0,,类别4
温州市,文成县,0,,类别4
温州市,泰顺县,0,,类别4
温州市,瑞安市,7,,类别4
温州市,乐清市,7,,类别4
温州市,龙港市,0,,类别4
嘉兴市,南湖区,0,,类别4
嘉兴市,秀洲区,0,,类别4
嘉兴市,嘉善县,0,,类别4
嘉兴市,海盐县,0,,类别4
嘉兴市,海宁市,0,,类别4
嘉兴市,平湖市,0,,类别4
嘉兴市,桐乡市,0,,类别4
湖州市,吴兴区,0,,类别4
湖州市,南浔区,0,,类别4
湖州市,德清县,0,,类别4
湖州市,长兴县,0,,类别4
湖州市,安吉县,0,,类别4
绍兴市,越城区,0,,类别4
绍兴市,柯桥区,0,,类别4
绍兴市,上虞区,0,,类别4
绍兴市,新昌县,0,,类别4
绍兴市,诸暨市,0,,类别4
绍兴市,嵊州市,0,,类别4
金华市,婺城区,0,,类别4
金华市,金东区,0,,类别4
金华市,武义县,0,,类别4
金华市,浦江县,0,,类别4
金华市,磐安县,0,,类别4
金华市,兰溪市,0,,类别4
金华市,义乌市,0,,类别4
金华市,东阳市,0,,类别4
金华市,永康市,0,,类别4
衢州市,柯城区,0,,类别4
衢州市,衢江区,0,,类别4
衢州市,常山县,0,,类别4
衢州市,开化县,0,,类别4
衢州市,龙游县,0,,类别4
衢州市,江山市,0,,类别4
舟山市,定海区,0,,类别4
舟山市,普陀区,0,,类别4
舟山市,岱山县,0,,类别4
舟山市,嵊泗县,0,,类别4
台州市,椒江区,0,,类别4
台州市,黄岩区,0,,类别4
台州市,路桥区,0,,类别4
台州市,三门县,0,,类别4
台州市,天台县,0,,类别4
台州市,仙居县,0,,类别4
台州市,温岭市,0,,类别4
台州市,临海市,0,,类别4
台州市,玉环市,0,,类别4
丽水市,莲都区,0,,类别4
丽水市,青田县,0,,类别4
丽水市,缙云县,0,,类别4
丽水市,遂昌县,0,,类别4
丽水市,松阳县,0,,类别4
丽水市,云和县,0,,类别4
丽水市,庆元县,0,,类别4
丽水市,景宁畲族自治县,0,,类别4
丽水市,龙泉市,0,,类别4
合肥市,瑶海区,47,49539.0,类别1
合肥市,庐阳区,20,49539.0,类别4
合肥市,蜀山区,43,49539.0,类别1
合肥市,包河区,65,49539.0,类别1
合肥市,长丰县,7,49539.0,类别4
合肥市,肥东县,11,49539.0,类别4
合肥市,肥西县,18,49539.0,类别4
合肥市,庐江县,0,49539.0,类别4
合肥市,合肥高新技术产业开发区,0,49539.0,类别4
合肥市,合肥经济技术开发区,0,49539.0,类别4
合肥市,合肥新站高新技术产业开发区,0,49539.0,类别4
合肥市,巢湖市,0,49539.0,类别4
芜湖市,镜湖区,0,,类别4
芜湖市,鸠江区,0,,类别4
芜湖市,弋江区,0,,类别4
芜湖市,湾沚区,0,,类别4
芜湖市,繁昌区,0,,类别4
芜湖市,南陵县,0,,类别4
芜湖市,芜湖经济技术开发区,0,,类别4
芜湖市,安徽芜湖三山经济开发区,0,,类别4
芜湖市,无为市,0,,类别4
蚌埠市,龙子湖区,0,,类别4
蚌埠市,蚌山区,0,,类别4
蚌埠市,禹会区,0,,类别4
蚌埠市,淮上区,0,,类别4
蚌埠市,怀远县,0,,类别4
蚌埠市,五河县,0,,类别4
蚌埠市,固镇县,0,,类别4
蚌埠市,蚌埠市高新技术开发区,0,,类别4
蚌埠市,蚌埠市经济开发区,0,,类别4
淮南市,大通区,0,,类别4
淮南市,田家庵区,0,,类别4
淮南市,谢家集区,0,,类别4
淮南市,八公山区,0,,类别4
淮南市,潘集区,0,,类别4
淮南市,凤台县,0,,类别4
淮南市,寿县,0,,类别4
马鞍山市,花山区,0,,类别4
马鞍山市,雨山区,0,,类别4
马鞍山市,博望区,0,,类别4
马鞍山市,当涂县,0,,类别4
马鞍山市,含山县,0,,类别4
马鞍山市,和县,0,,类别4
淮北市,杜集区,0,,类别4
淮北市,相山区,0,,类别4
淮北市,烈山区,0,,类别4
淮北市,濉溪县,0,,类别4
铜陵市,铜官区,0,,类别4
铜陵市,义安区,0,,类别4
铜陵市,郊区,0,,类别4
铜陵市,枞阳县,0,,类别4
安庆市,迎江区,0,,类别4
安庆市,大观区,0,,类别4
安庆市,宜秀区,0,,类别4
安庆市,怀宁县,0,,类别4
安庆市,太湖县,0,,类别4
安庆市,宿松县,0,,类别4
安庆市,望江县,0,,类别4
安庆市,岳西县,0,,类别4
安庆市,安徽安庆经济开发区,0,,类别4
安庆市,桐城市,0,,类别4
安庆市,潜山市,0,,类别4
黄山市,屯溪区,0,,类别4
黄山市,黄山区,0,,类别4
黄山市,徽州区,0,,类别4
黄山市,歙县,0,,类别4
黄山市,休宁县,0,,类别4
黄山市,黟县,0,,类别4
黄山市,祁门县,0,,类别4
滁州市,琅琊区,0,,类别4
滁州市,南谯区,0,,类别4
滁州市,来安县,0,,类别4
滁州市,全椒县,0,,类别4
滁州市,定远县,0,,类别4
滁州市,凤阳县,0,,类别4
滁州市,中新苏滁高新技术产业开发区,0,,类别4
滁州市,滁州经济技术开发区,0,,类别4
滁州市,天长市,0,,类别4
滁州市,明光市,0,,类别4
阜阳市,颍州区,0,,类别4
阜阳市,颍东区,0,,类别4
阜阳市,颍泉区,0,,类别4
阜阳市,临泉县,0,,类别4
阜阳市,太和县,0,,类别4
阜阳市,阜南县,0,,类别4
阜阳市,颍上县,0,,类别4
阜阳市,阜阳合肥现代产业园区,0,,类别4
阜阳市,阜阳经济技术开发区,0,,类别4
阜阳市,界首市,0,,类别4
宿州市,埇桥区,0,,类别4
宿州市,砀山县,0,,类别4
宿州市,萧县,0,,类别4
宿州市,灵璧县,0,,类别4
宿州市,泗县,0,,类别4
宿州市,宿州马鞍山现代产业园区,0,,类别4
宿州市,宿州经济技术开发区,0,,类别4
六安市,金安区,0,,类别4
六安市,裕安区,0,,类别4
六安市,叶集区,0,,类别4
六安市,霍邱县,0,,类别4
六安市,舒城县,0,,类别4
六安市,金寨县,0,,类别4
六安市,霍山县,0,,类别4
亳州市,谯城区,0,,类别4
亳州市,涡阳县,0,,类别4
亳州市,蒙城县,0,,类别4
亳州市,利辛县,0,,类别4
池州市,贵池区,0,,类别4
池州市,东至县,0,,类别4
池州市,石台县,0,,类别4
池州市,青阳县,0,,类别4
宣城市,宣州区,0,,类别4
宣城市,郎溪县,0,,类别4
宣城市,泾县,0,,类别4
宣城市,绩溪县,0,,类别4
宣城市,旌德县,0,,类别4
宣城市,宣城市经济开发区,0,,类别4
宣城市,宁国市,0,,类别4
宣城市,广德市,0,,类别4
福州市,鼓楼区,13,58763.0,类别4
福州市,台江区,5,58763.0,类别4
福州市,仓山区,48,58763.0,类别1
福州市,马尾区,0,58763.0,类别4
福州市,晋安区,17,58763.0,类别4
福州市,长乐区,11,58763.0,类别4
福州市,闽侯县,8,58763.0,类别4
福州市,连江县,0,58763.0,类别4
福州市,罗源县,0,58763.0,类别4
福州市,闽清县,0,58763.0,类别4
福州市,永泰县,0,58763.0,类别4
福州市,平潭县,0,58763.0,类别4
福州市,福清市,0,58763.0,类别4
厦门市,思明区,20,58763.0,类别4
厦门市,海沧区,10,58763.0,类别4
厦门市,湖里区,25,58763.0,类别3
厦门市,集美区,11,58763.0,类别4
厦门市,同安区,0,58763.0,类别4
厦门市,翔安区,9,58763.0,类别4
莆田市,城厢区,0,,类别4
莆田市,涵江区,0,,类别4
莆田市,荔城区,0,,类别4
莆田市,秀屿区,0,,类别4
莆田市,仙游县,0,,类别4
三明市,三元区,0,,类别4
三明市,沙县区,0,,类别4
三明市,明溪县,0,,类别4
三明市,清流县,0,,类别4
三明市,宁化县,0,,类别4
三明市,大田县,0,,类别4
三明市,尤溪县,0,,类别4
三明市,将乐县,0,,类别4
三明市,泰宁县,0,,类别4
三明市,建宁县,0,,类别4
三明市,永安市,0,,类别4
泉州市,鲤城区,0,,类别4
泉州市,丰泽区,0,,类别4
泉州市,洛江区,0,,类别4
泉州市,泉港区,0,,类别4
泉州市,惠安县,0,,类别4
泉州市,安溪县,0,,类别4
泉州市,永春县,0,,类别4
泉州市,德化县,0,,类别4
泉州市,金门县,0,,类别4
泉州市,石狮市,0,,类别4
泉州市,晋江市,0,,类别4
泉州市,南安市,0,,类别4
漳州市,芗城区,0,,类别4
漳州市,龙文区,0,,类别4
漳州市,龙海区,0,,类别4
漳州市,长泰区,0,,类别4
漳州市,云霄县,0,,类别4
漳州市,漳浦县,0,,类别4
漳州市,诏安县,0,,类别4
漳州市,东山县,0,,类别4
漳州市,南靖县,0,,类别4
漳州市,平和县,0,,类别4
漳州市,华安县,0,,类别4
南平市,延平区,0,,类别4
南平市,建阳区,0,,类别4
南平市,顺昌县,0,,类别4
南平市,浦城县,0,,类别4
南平市,光泽县,0,,类别4
南平市,松溪县,0,,类别4
南平市,政和县,0,,类别4
南平市,邵武市,0,,类别4
南平市,武夷山市,0,,类别4
南平市,建瓯市,0,,类别4
龙岩市,新罗区,0,,类别4
龙岩市,永定区,0,,类别4
龙岩市,长汀县,0,,类别4
龙岩市,上杭县,0,,类别4
龙岩市,武平县,0,,类别4
龙岩市,连城县,0,,类别4
龙岩市,漳平市,0,,类别4
宁德市,蕉城区,0,,类别4
宁德市,霞浦县,0,,类别4
宁德市,古田县,0,,类别4
宁德市,屏南县,0,,类别4
宁德市,寿宁县,0,,类别4
宁德市,周宁县,0,,类别4
宁德市,柘荣县,0,,类别4
宁德市,福安市,0,,类别4
宁德市,福鼎市,0,,类别4
南昌市,东湖区,13,47514.0,类别4
南昌市,西湖区,19,47514.0,类别3
南昌市,青云谱区,7,47514.0,类别4
南昌市,青山湖区,27,47514.0,类别3
南昌市,新建区,11,47514.0,类别4
南昌市,红谷滩区,33,47514.0,类别3
南昌市,南昌县,12,47514.0,类别4
南昌市,安义县,0,47514.0,类别4
南昌市,进贤县,0,47514.0,类别4
景德镇市,昌江区,0,,类别4
景德镇市,珠山区,0,,类别4
景德镇市,浮梁县,0,,类别4
景德镇市,乐平市,0,,类别4
萍乡市,安源区,0,,类别4
萍乡市,湘东区,0,,类别4
萍乡市,莲花县,0,,类别4
萍乡市,上栗县,0,,类别4
萍乡市,芦溪县,0,,类别4
九江市,濂溪区,0,,类别4
九江市,浔阳区,0,,类别4
九江市,柴桑区,0,,类别4
九江市,武宁县,0,,类别4
九江市,修水县,0,,类别4
九江市,永修县,0,,类别4
九江市,德安县,0,,类别4
九江市,都昌县,0,,类别4
九江市,湖口县,0,,类别4
九江市,彭泽县,0,,类别4
九江市,瑞昌市,0,,类别4
九江市,共青城市,0,,类别4
九江市,庐山市,0,,类别4
新余市,渝水区,0,,类别4
新余市,分宜县,0,,类别4
鹰潭市,月湖区,0,,类别4
鹰潭市,余江区,0,,类别4
鹰潭市,贵溪市,0,,类别4
赣州市,章贡区,0,,类别4
赣州市,南康区,0,,类别4
赣州市,赣县区,0,,类别4
赣州市,信丰县,0,,类别4
赣州市,大余县,0,,类别4
赣州市,上犹县,0,,类别4
赣州市,崇义县,0,,类别4
赣州市,安远县,0,,类别4
赣州市,定南县,0,,类别4
赣州市,全南县,0,,类别4
赣州市,宁都县,0,,类别4
赣州市,于都县,0,,类别4
赣州市,兴国县,0,,类别4
赣州市,会昌县,0,,类别4
赣州市,寻乌县,0,,类别4
赣州市,石城县,0,,类别4
赣州市,瑞金市,0,,类别4
赣州市,龙南市,0,,类别4
吉安市,吉州区,0,,类别4
吉安市,青原区,0,,类别4
吉安市,吉安县,0,,类别4
吉安市,吉水县,0,,类别4
吉安市,峡江县,0,,类别4
吉安市,新干县,0,,类别4
吉安市,永丰县,0,,类别4
吉安市,泰和县,0,,类别4
吉安市,遂川县,0,,类别4
吉安市,万安县,0,,类别4
吉安市,安福县,0,,类别4
吉安市,永新县,0,,类别4
吉安市,井冈山市,0,,类别4
宜春市,袁州区,0,,类别4
宜春市,奉新县,0,,类别4
宜春市,万载县,0,,类别4
宜春市,上高县,0,,类别4
宜春市,宜丰县,0,,类别4
宜春市,靖安县,0,,类别4
宜春市,铜鼓县,0,,类别4
宜春市,丰城市,0,,类别4
宜春市,樟树市,0,,类别4
宜春市,高安市,0,,类别4
抚州市,临川区,0,,类别4
抚州市,东乡区,0,,类别4
抚州市,南城县,0,,类别4
抚州市,黎川县,0,,类别4
抚州市,南丰县,0,,类别4
抚州市,崇仁县,0,,类别4
抚州市,乐安县,0,,类别4
抚州市,宜黄县,0,,类别4
抚州市,金溪县,0,,类别4
抚州市,资溪县,0,,类别4
抚州市,广昌县,0,,类别4
上饶市,信州区,0,,类别4
上饶市,广丰区,0,,类别4
上饶市,广信区,0,,类别4
上饶市,玉山县,0,,类别4
上饶市,铅山县,0,,类别4
上饶市,横峰县,0,,类别4
上饶市,弋阳县,0,,类别4
上饶市,余干县,0,,类别4
上饶市,鄱阳县,0,,类别4
上饶市,万年县,0,,类别4
上饶市,婺源县,0,,类别4
上饶市,德兴市,0,,类别4
济南市,历下区,10,54062.0,类别4
济南市,市中区,1,54062.0,类别4
济南市,槐荫区,10,54062.0,类别4
济南市,天桥区,6,54062.0,类别4
济南市,历城区,15,54062.0,类别4
济南市,长清区,6,54062.0,类别4
济南市,章丘区,0,54062.0,类别4
济南市,济阳区,0,54062.0,类别4
济南市,莱芜区,0,54062.0,类别4
济南市,钢城区,0,54062.0,类别4
济南市,平阴县,0,54062.0,类别4
济南市,商河县,0,54062.0,类别4
济南市,济南高新技术产业开发区,0,54062.0,类别4
青岛市,市南区,23,54062.0,类别4
青岛市,市北区,31,54062.0,类别3
青岛市,黄岛区,56,54062.0,类别1
青岛市,崂山区,32,54062.0,类别3
青岛市,李沧区,20,54062.0,类别4
青岛市,城阳区,15,54062.0,类别4
青岛市,即墨区,9,54062.0,类别4
青岛市,胶州市,3,54062.0,类别4
青岛市,平度市,0,54062.0,类别4
青岛市,莱西市,0,54062.0,类别4
淄博市,淄川区,0,,类别4
淄博市,张店区,0,,类别4
淄博市,博山区,0,,类别4
淄博市,临淄区,0,,类别4
淄博市,周村区,0,,类别4
淄博市,桓台县,0,,类别4
淄博市,高青县,0,,类别4
淄博市,沂源县,0,,类别4
枣庄市,市中区,0,,类别4
枣庄市,薛城区,0,,类别4
枣庄市,峄城区,0,,类别4
枣庄市,台儿庄区,0,,类别4
枣庄市,山亭区,0,,类别4
枣庄市,滕州市,0,,类别4
东营市,东营区,0,,类别4
东营市,河口区,0,,类别4
东营市,垦利区,0,,类别4
东营市,利津县,0,,类别4
东营市,广饶县,0,,类别4
东营市,东营经济技术开发区,0,,类别4
东营市,东营港经济开发区,0,,类别4
烟台市,芝罘区,0,,类别4
烟台市,福山区,0,,类别4
烟台市,牟平区,0,,类别4
烟台市,莱山区,0,,类别4
烟台市,蓬莱区,0,,类别4
烟台市,烟台高新技术产业开发区,0,,类别4
烟台市,烟台经济技术开发区,0,,类别4
烟台市,龙口市,0,,类别4
烟台市,莱阳市,0,,类别4
烟台市,莱州市,0,,类别4
烟台市,招远市,0,,类别4
烟台市,栖霞市,0,,类别4
烟台市,海阳市,0,,类别4
潍坊市,潍城区,0,,类别4
潍坊市,寒亭区,0,,类别4
潍坊市,坊子区,0,,类别4
潍坊市,奎文区,0,,类别4
潍坊市,临朐县,0,,类别4
潍坊市,昌乐县,0,,类别4
潍坊市,潍坊滨海经济技术开发区,0,,类别4
潍坊市,青州市,0,,类别4
潍坊市,诸城市,0,,类别4
潍坊市,寿光市,0,,类别4
潍坊市,安丘市,0,,类别4
潍坊市,高密市,0,,类别4
潍坊市,昌邑市,0,,类别4
济宁市,任城区,0,,类别4
济宁市,兖州区,0,,类别4
济宁市,微山县,0,,类别4
济宁市,鱼台县,0,,类别4
济宁市,金乡县,0,,类别4
济宁市,嘉祥县,0,,类别4
济宁市,汶上县,0,,类别4
济宁市,泗水县,0,,类别4
济宁市,梁山县,0,,类别4
济宁市,济宁高新技术产业开发区,0,,类别4
济宁市,曲阜市,0,,类别4
济宁市,邹城市,0,,类别4
泰安市,泰山区,0,,类别4
泰安市,岱岳区,0,,类别4
泰安市,宁阳县,0,,类别4
泰安市,东平县,0,,类别4
泰安市,新泰市,0,,类别4
泰安市,肥城市,0,,类别4
威海市,环翠区,0,,类别4
威海市,文登区,0,,类别4
威海市,威海火炬高技术产业开发区,0,,类别4
威海市,威海经济技术开发区,0,,类别4
威海市,威海临港经济技术开发区,0,,类别4
威海市,荣成市,0,,类别4
威海市,乳山市,0,,类别4
日照市,东港区,0,,类别4
日照市,岚山区,0,,类别4
日照市,五莲县,0,,类别4
日照市,莒县,0,,类别4
日照市,日照经济技术开发区,0,,类别4
临沂市,兰山区,0,,类别4
临沂市,罗庄区,0,,类别4
临沂市,河东区,0,,类别4
临沂市,沂南县,0,,类别4
临沂市,郯城县,0,,类别4
临沂市,沂水县,0,,类别4
临沂市,兰陵县,0,,类别4
临沂市,费县,0,,类别4
临沂市,平邑县,0,,类别4
临沂市,莒南县,0,,类别4
临沂市,蒙阴县,0,,类别4
临沂市,临沭县,0,,类别4
临沂市,临沂高新技术产业开发区,0,,类别4
德州市,德城区,0,,类别4
德州市,陵城区,0,,类别4
德州市,宁津县,0,,类别4
德州市,庆云县,0,,类别4
德州市,临邑县,0,,类别4
德州市,齐河县,0,,类别4
德州市,平原县,0,,类别4
德州市,夏津县,0,,类别4
德州市,武城县,0,,类别4
德州市,德州天衢新区,0,,类别4
德州市,乐陵市,0,,类别4
德州市,禹城市,0,,类别4
聊城市,东昌府区,0,,类别4
聊城市,茌平区,0,,类别4
聊城市,阳谷县,0,,类别4
聊城市,莘县,0,,类别4
聊城市,东阿县,0,,类别4
聊城市,冠县,0,,类别4
聊城市,高唐县,0,,类别4
聊城市,临清市,0,,类别4
滨州市,滨城区,0,,类别4
滨州市,沾化区,0,,类别4
滨州市,惠民县,0,,类别4
滨州市,阳信县,0,,类别4
滨州市,无棣县,0,,类别4
滨州市,博兴县,0,,类别4
滨州市,邹平市,0,,类别4
菏泽市,牡丹区,0,,类别4
菏泽市,定陶区,0,,类别4
菏泽市,曹县,0,,类别4
菏泽市,单县,0,,类别4
菏泽市,成武县,0,,类别4
菏泽市,巨野县,0,,类别4
菏泽市,郓城县,0,,类别4
菏泽市,鄄城县,0,,类别4
菏泽市,东明县,0,,类别4
菏泽市,菏泽经济技术开发区,0,,类别4
菏泽市,菏泽高新技术开发区,0,,类别4
郑州市,中原区,46,42027.0,类别1
郑州市,二七区,30,42027.0,类别3
郑州市,管城回族区,50,42027.0,类别1
郑州市,金水区,91,42027.0,类别1
郑州市,上街区,0,42027.0,类别4
郑州市,惠济区,14,42027.0,类别4
郑州市,中牟县,12,42027.0,类别4
郑州市,郑州经济技术开发区,0,42027.0,类别4
郑州市,郑州高新技术产业开发区,0,42027.0,类别4
郑州市,郑州航空港经济综合实验区,0,42027.0,类别4
郑州市,巩义市,0,42027.0,类别4
郑州市,荥阳市,5,42027.0,类别4
郑州市,新密市,0,42027.0,类别4
郑州市,新郑市,27,42027.0,类别3
郑州市,登封市,0,42027.0,类别4
开封市,龙亭区,0,,类别4
开封市,顺河回族区,0,,类别4
开封市,鼓楼区,0,,类别4
开封市,禹王台区,0,,类别4
开封市,祥符区,0,,类别4
开封市,杞县,0,,类别4
开封市,通许县,0,,类别4
开封市,尉氏县,0,,类别4
开封市,兰考县,0,,类别4
洛阳市,老城区,4,,类别4
洛阳市,西工区,10,,类别4
洛阳市,瀍河回族区,5,,类别4
洛阳市,涧西区,7,,类别4
洛阳市,偃师区,0,,类别4
洛阳市,孟津区,0,,类别4
洛阳市,洛龙区,8,,类别4
洛阳市,新安县,0,,类别4
洛阳市,栾川县,0,,类别4
洛阳市,嵩县,0,,类别4
洛阳市,汝阳县,0,,类别4
洛阳市,宜阳县,0,,类别4
洛阳市,洛宁县,0,,类别4
洛阳市,伊川县,0,,类别4
洛阳市,洛阳高新技术产业开发区,0,,类别4
平顶山市,新华区,0,,类别4
平顶山市,卫东区,0,,类别4
平顶山市,石龙区,0,,类别4
平顶山市,湛河区,0,,类别4
平顶山市,宝丰县,0,,类别4
平顶山市,叶县,0,,类别4
平顶山市,鲁山县,0,,类别4
平顶山市,郏县,0,,类别4
平顶山市,平顶山高新技术产业开发区,0,,类别4
平顶山市,平顶山市城乡一体化示范区,0,,类别4
平顶山市,舞钢市,0,,类别4
平顶山市,汝州市,0,,类别4
安阳市,文峰区,0,,类别4
安阳市,北关区,0,,类别4
安阳市,殷都区,0,,类别4
安阳市,龙安区,0,,类别4
安阳市,安阳县,0,,类别4
安阳市,汤阴县,0,,类别4
安阳市,滑县,0,,类别4
安阳市,内黄县,0,,类别4
安阳市,安阳高新技术产业开发区,0,,类别4
安阳市,林州市,0,,类别4
鹤壁市,鹤山区,0,,类别4
鹤壁市,山城区,0,,类别4
鹤壁市,淇滨区,0,,类别4
鹤壁市,浚县,0,,类别4
鹤壁市,淇县,0,,类别4
鹤壁市,鹤壁经济技术开发区,0,,类别4
新乡市,红旗区,0,,类别4
新乡市,卫滨区,0,,类别4
新乡市,凤泉区,0,,类别4
新乡市,牧野区,0,,类别4
新乡市,新乡县,0,,类别4
新乡市,获嘉县,0,,类别4
新乡市,原阳县,0,,类别4
新乡市,延津县,0,,类别4
新乡市,封丘县,0,,类别4
新乡市,新乡高新技术产业开发区,0,,类别4
新乡市,新乡经济技术开发区,0,,类别4
新乡市,新乡市平原城乡一体化示范区,0,,类别4
新乡市,卫辉市,0,,类别4
新乡市,辉县市,0,,类别4
新乡市,长垣市,0,,类别4
焦作市,解放区,0,,类别4
焦作市,中站区,0,,类别4
焦作市,马村区,0,,类别4
焦作市,山阳区,0,,类别4
焦作市,修武县,0,,类别4
焦作市,博爱县,0,,类别4
焦作市,武陟县,0,,类别4
焦作市,温县,0,,类别4
焦作市,焦作城乡一体化示范区,0,,类别4
焦作市,沁阳市,0,,类别4
焦作市,孟州市,0,,类别4
濮阳市,华龙区,0,,类别4
濮阳市,清丰县,0,,类别4
濮阳市,南乐县,0,,类别4
濮阳市,范县,0,,类别4
濮阳市,台前县,0,,类别4
濮阳市,濮阳县,0,,类别4
濮阳市,河南濮阳工业园区,0,,类别4
濮阳市,濮阳经济技术开发区,0,,类别4
许昌市,魏都区,0,,类别4
许昌市,建安区,0,,类别4
许昌市,鄢陵县,0,,类别4
许昌市,襄城县,0,,类别4
许昌市,许昌经济技术开发区,0,,类别4
许昌市,禹州市,0,,类别4
许昌市,长葛市,0,,类别4
漯河市,源汇区,0,,类别4
漯河市,郾城区,0,,类别4
漯河市,召陵区,0,,类别4
漯河市,舞阳县,0,,类别4
漯河市,临颍县,0,,类别4
漯河市,漯河经济技术开发区,0,,类别4
三门峡市,湖滨区,0,,类别4
三门峡市,陕州区,0,,类别4
三门峡市,渑池县,0,,类别4
三门峡市,卢氏县,0,,类别4
三门峡市,河南三门峡经济开发区,0,,类别4
三门峡市,义马市,0,,类别4
三门峡市,灵宝市,0,,类别4
南阳市,宛城区,0,,类别4
南阳市,卧龙区,0,,类别4
南阳市,南召县,0,,类别4
南阳市,方城县,0,,类别4
南阳市,西峡县,0,,类别4
南阳市,镇平县,0,,类别4
南阳市,内乡县,0,,类别4
南阳市,淅川县,0,,类别4
南阳市,社旗县,0,,类别4
南阳市,唐河县,0,,类别4
南阳市,新野县,0,,类别4
南阳市,桐柏县,0,,类别4
南阳市,南阳高新技术产业开发区,0,,类别4
南阳市,南阳市城乡一体化示范区,0,,类别4
南阳市,邓州市,0,,类别4
商丘市,梁园区,0,,类别4
商丘市,睢阳区,0,,类别4
商丘市,民权县,0,,类别4
商丘市,睢县,0,,类别4
商丘市,宁陵县,0,,类别4
商丘市,柘城县,0,,类别4
商丘市,虞城县,0,,类别4
商丘市,夏邑县,0,,类别4
商丘市,豫东综合物流产业聚集区,0,,类别4
商丘市,河南商丘经济开发区,0,,类别4
商丘市,永城市,0,,类别4
信阳市,浉河区,0,,类别4
信阳市,平桥区,0,,类别4
信阳市,罗山县,0,,类别4
信阳市,光山县,0,,类别4
信阳市,新县,0,,类别4
信阳市,商城县,0,,类别4
信阳市,固始县,0,,类别4
信阳市,潢川县,0,,类别4
信阳市,淮滨县,0,,类别4
信阳市,息县,0,,类别4
信阳市,信阳高新技术产业开发区,0,,类别4
周口市,川汇区,0,,类别4
周口市,淮阳区,0,,类别4
周口市,扶沟县,0,,类别4
周口市,西华县,0,,类别4
周口市,商水县,0,,类别4
周口市,沈丘县,0,,类别4
周口市,郸城县,0,,类别4
周口市,太康县,0,,类别4
周口市,鹿邑县,0,,类别4
周口市,周口临港开发区,0,,类别4
周口市,项城市,0,,类别4
驻马店市,驿城区,0,,类别4
驻马店市,西平县,0,,类别4
驻马店市,上蔡县,0,,类别4
驻马店市,平舆县,0,,类别4
驻马店市,正阳县,0,,类别4
驻马店市,确山县,0,,类别4
驻马店市,泌阳县,0,,类别4
驻马店市,汝南县,0,,类别4
驻马店市,遂平县,0,,类别4
驻马店市,新蔡县,0,,类别4
驻马店市,河南驻马店经济开发区,0,,类别4
省直辖县级行政区划,济源市,0,,类别4
武汉市,江岸区,34,46987.0,类别3
武汉市,江汉区,23,46987.0,类别3
武汉市,硚口区,18,46987.0,类别1
武汉市,汉阳区,26,46987.0,类别1
武汉市,武昌区,45,46987.0,类别1
武汉市,青山区,8,46987.0,类别4
武汉市,洪山区,59,46987.0,类别3
武汉市,东西湖区,25,46987.0,类别3
武汉市,汉南区,7,46987.0,类别4
武汉市,蔡甸区,21,46987.0,类别4
武汉市,江夏区,19,46987.0,类别4
武汉市,黄陂区,20,46987.0,类别4
武汉市,新洲区,6,46987.0,类别4
黄石市,黄石港区,0,,类别4
黄石市,西塞山区,0,,类别4
黄石市,下陆区,0,,类别4
黄石市,铁山区,0,,类别4
黄石市,阳新县,0,,类别4
黄石市,大冶市,0,,类别4
十堰市,茅箭区,0,,类别4
十堰市,张湾区,0,,类别4
十堰市,郧阳区,0,,类别4
十堰市,郧西县,0,,类别4
十堰市,竹山县,0,,类别4
十堰市,竹溪县,0,,类别4
十堰市,房县,0,,类别4
十堰市,丹江口市,0,,类别4
宜昌市,西陵区,0,,类别4
宜昌市,伍家岗区,0,,类别4
宜昌市,点军区,0,,类别4
宜昌市,猇亭区,0,,类别4
宜昌市,夷陵区,0,,类别4
宜昌市,远安县,0,,类别4
宜昌市,兴山县,0,,类别4
宜昌市,秭归县,0,,类别4
宜昌市,长阳土家族自治县,0,,类别4
宜昌市,五峰土家族自治县,0,,类别4
宜昌市,宜都市,0,,类别4
宜昌市,当阳市,0,,类别4
宜昌市,枝江市,0,,类别4
襄阳市,襄城区,0,,类别4
襄阳市,樊城区,0,,类别4
襄阳市,襄州区,0,,类别4
襄阳市,南漳县,0,,类别4
襄阳市,谷城县,0,,类别4
襄阳市,保康县,0,,类别4
襄阳市,老河口市,0,,类别4
襄阳市,枣阳市,0,,类别4
襄阳市,宜城市,0,,类别4
鄂州市,梁子湖区,0,,类别4
鄂州市,华容区,0,,类别4
鄂州市,鄂城区,0,,类别4
荆门市,东宝区,0,,类别4
荆门市,掇刀区,0,,类别4
荆门市,沙洋县,0,,类别4
荆门市,钟祥市,0,,类别4
荆门市,京山市,0,,类别4
孝感市,孝南区,0,,类别4
孝感市,孝昌县,0,,类别4
孝感市,大悟县,0,,类别4
孝感市,云梦县,0,,类别4
孝感市,应城市,0,,类别4
孝感市,安陆市,0,,类别4
孝感市,汉川市,0,,类别4
荆州市,沙市区,0,,类别4
荆州市,荆州区,0,,类别4
荆州市,公安县,0,,类别4
荆州市,江陵县,0,,类别4
荆州市,荆州经济技术开发区,0,,类别4
荆州市,石首市,0,,类别4
荆州市,洪湖市,0,,类别4
荆州市,松滋市,0,,类别4
荆州市,监利市,0,,类别4
黄冈市,黄州区,0,,类别4
黄冈市,团风县,0,,类别4
黄冈市,红安县,0,,类别4
黄冈市,罗田县,0,,类别4
黄冈市,英山县,0,,类别4
黄冈市,浠水县,0,,类别4
黄冈市,蕲春县,0,,类别4
黄冈市,黄梅县,0,,类别4
黄冈市,龙感湖管理区,0,,类别4
黄冈市,麻城市,0,,类别4
黄冈市,武穴市,0,,类别4
咸宁市,咸安区,0,,类别4
咸宁市,嘉鱼县,0,,类别4
咸宁市,通城县,0,,类别4
咸宁市,崇阳县,0,,类别4
咸宁市,通山县,0,,类别4
咸宁市,赤壁市,0,,类别4
随州市,曾都区,0,,类别4
随州市,随县,0,,类别4
随州市,广水市,0,,类别4
恩施土家族苗族自治州,恩施市,0,,类别4
恩施土家族苗族自治州,利川市,0,,类别4
恩施土家族苗族自治州,建始县,0,,类别4
恩施土家族苗族自治州,巴东县,0,,类别4
恩施土家族苗族自治州,宣恩县,0,,类别4
恩施土家族苗族自治州,咸丰县,0,,类别4
恩施土家族苗族自治州,来凤县,0,,类别4
恩施土家族苗族自治州,鹤峰县,0,,类别4
省直辖县级行政区划,仙桃市,0,,类别4
省直辖县级行政区划,潜江市,0,,类别4
省直辖县级行政区划,天门市,0,,类别4
省直辖县级行政区划,神农架林区,0,,类别4
长沙市,芙蓉区,24,51243.0,类别4
长沙市,天心区,17,51243.0,类别4
长沙市,岳麓区,42,51243.0,类别1
长沙市,开福区,23,51243.0,类别4
长沙市,雨花区,26,51243.0,类别3
长沙市,望城区,5,51243.0,类别4
长沙市,长沙县,21,51243.0,类别4
长沙市,浏阳市,0,51243.0,类别4
长沙市,宁乡市,0,51243.0,类别4
株洲市,荷塘区,0,,类别4
株洲市,芦淞区,0,,类别4
株洲市,石峰区,0,,类别4
株洲市,天元区,0,,类别4
株洲市,渌口区,0,,类别4
株洲市,攸县,0,,类别4
株洲市,茶陵县,0,,类别4
株洲市,炎陵县,0,,类别4
株洲市,醴陵市,0,,类别4
湘潭市,雨湖区,0,,类别4
湘潭市,岳塘区,0,,类别4
湘潭市,湘潭县,0,,类别4
湘潭市,湖南湘潭高新技术产业园区,0,,类别4
湘潭市,湘潭昭山示范区,0,,类别4
湘潭市,湘潭九华示范区,0,,类别4
湘潭市,湘乡市,0,,类别4
湘潭市,韶山市,0,,类别4
衡阳市,珠晖区,0,,类别4
衡阳市,雁峰区,0,,类别4
衡阳市,石鼓区,0,,类别4
衡阳市,蒸湘区,0,,类别4
衡阳市,南岳区,0,,类别4
衡阳市,衡阳县,0,,类别4
衡阳市,衡南县,0,,类别4
衡阳市,衡山县,0,,类别4
衡阳市,衡东县,0,,类别4
衡阳市,祁东县,0,,类别4
衡阳市,湖南衡阳松木经济开发区,0,,类别4
衡阳市,湖南衡阳高新技术产业园区,0,,类别4
衡阳市,耒阳市,0,,类别4
衡阳市,常宁市,0,,类别4
邵阳市,双清区,0,,类别4
邵阳市,大祥区,0,,类别4
邵阳市,北塔区,0,,类别4
邵阳市,新邵县,0,,类别4
邵阳市,邵阳县,0,,类别4
邵阳市,隆回县,0,,类别4
邵阳市,洞口县,0,,类别4
邵阳市,绥宁县,0,,类别4
邵阳市,新宁县,0,,类别4
邵阳市,城步苗族自治县,0,,类别4
邵阳市,武冈市,0,,类别4
邵阳市,邵东市,0,,类别4
岳阳市,岳阳楼区,0,,类别4
岳阳市,云溪区,0,,类别4
岳阳市,君山区,0,,类别4
岳阳市,岳阳县,0,,类别4
岳阳市,华容县,0,,类别4
岳阳市,湘阴县,0,,类别4
岳阳市,平江县,0,,类别4
岳阳市,岳阳市屈原管理区,0,,类别4
岳阳市,汨罗市,0,,类别4
岳阳市,临湘市,0,,类别4
常德市,武陵区,0,,类别4
常德市,鼎城区,0,,类别4
常德市,安乡县,0,,类别4
常德市,汉寿县,0,,类别4
常德市,澧县,0,,类别4
常德市,临澧县,0,,类别4
常德市,桃源县,0,,类别4
常德市,石门县,0,,类别4
常德市,常德市西洞庭管理区,0,,类别4
常德市,津市市,0,,类别4
张家界市,永定区,0,,类别4
张家界市,武陵源区,0,,类别4
张家界市,慈利县,0,,类别4
张家界市,桑植县,0,,类别4
益阳市,资阳区,0,,类别4
益阳市,赫山区,0,,类别4
益阳市,南县,0,,类别4
益阳市,桃江县,0,,类别4
益阳市,安化县,0,,类别4
益阳市,益阳市大通湖管理区,0,,类别4
益阳市,湖南益阳高新技术产业园区,0,,类别4
益阳市,沅江市,0,,类别4
郴州市,北湖区,0,,类别4
郴州市,苏仙区,0,,类别4
郴州市,桂阳县,0,,类别4
郴州市,宜章县,0,,类别4
郴州市,永兴县,0,,类别4
郴州市,嘉禾县,0,,类别4
郴州市,临武县,0,,类别4
郴州市,汝城县,0,,类别4
郴州市,桂东县,0,,类别4
郴州市,安仁县,0,,类别4
郴州市,资兴市,0,,类别4
永州市,零陵区,0,,类别4
永州市,冷水滩区,0,,类别4
永州市,东安县,0,,类别4
永州市,双牌县,0,,类别4
永州市,道县,0,,类别4
永州市,江永县,0,,类别4
永州市,宁远县,0,,类别4
永州市,蓝山县,0,,类别4
永州市,新田县,0,,类别4
永州市,江华瑶族自治县,0,,类别4
永州市,永州经济技术开发区,0,,类别4
永州市,永州市回龙圩管理区,0,,类别4
永州市,祁阳市,0,,类别4
怀化市,鹤城区,0,,类别4
怀化市,中方县,0,,类别4
怀化市,沅陵县,0,,类别4
怀化市,辰溪县,0,,类别4
怀化市,溆浦县,0,,类别4
怀化市,会同县,0,,类别4
怀化市,麻阳苗族自治县,0,,类别4
怀化市,新晃侗族自治县,0,,类别4
怀化市,芷江侗族自治县,0,,类别4
怀化市,靖州苗族侗族自治县,0,,类别4
怀化市,通道侗族自治县,0,,类别4
怀化市,怀化市洪江管理区,0,,类别4
怀化市,洪江市,0,,类别4
娄底市,娄星区,0,,类别4
娄底市,双峰县,0,,类别4
娄底市,新化县,0,,类别4
娄底市,冷水江市,0,,类别4
娄底市,涟源市,0,,类别4
湘西土家族苗族自治州,吉首市,0,,类别4
湘西土家族苗族自治州,泸溪县,0,,类别4
湘西土家族苗族自治州,凤凰县,0,,类别4
湘西土家族苗族自治州,花垣县,0,,类别4
湘西土家族苗族自治州,保靖县,0,,类别4
湘西土家族苗族自治州,古丈县,0,,类别4
湘西土家族苗族自治州,永顺县,0,,类别4
湘西土家族苗族自治州,龙山县,0,,类别4
广州市,荔湾区,36,61629.0,类别1
广州市,越秀区,33,61629.0,类别3
广州市,海珠区,54,61629.0,类别1
广州市,天河区,57,61629.0,类别3
广州市,白云区,50,61629.0,类别4
广州市,黄埔区,49,61629.0,类别1
广州市,番禺区,40,61629.0,类别1
广州市,花都区,12,61629.0,类别4
广州市,南沙区,14,61629.0,类别4
广州市,从化区,5,61629.0,类别4
广州市,增城区,12,61629.0,类别4
韶关市,武江区,0,,类别4
韶关市,浈江区,0,,类别4
韶关市,曲江区,0,,类别4
韶关市,始兴县,0,,类别4
韶关市,仁化县,0,,类别4
韶关市,翁源县,0,,类别4
韶关市,乳源瑶族自治县,0,,类别4
韶关市,新丰县,0,,类别4
韶关市,乐昌市,0,,类别4
韶关市,南雄市,0,,类别4
深圳市,罗湖区,37,61629.0,类别1
深圳市,福田区,83,61629.0,类别1
深圳市,南山区,80,61629.0,类别1
深圳市,宝安区,64,61629.0,类别1
深圳市,龙岗区,71,61629.0,类别1
深圳市,盐田区,9,61629.0,类别4
深圳市,龙华区,24,61629.0,类别4
深圳市,坪山区,26,61629.0,类别4
深圳市,光明区,14,61629.0,类别4
珠海市,香洲区,0,,类别4
珠海市,斗门区,0,,类别4
珠海市,金湾区,0,,类别4
汕头市,龙湖区,0,,类别4
汕头市,金平区,0,,类别4
汕头市,濠江区,0,,类别4
汕头市,潮阳区,0,,类别4
汕头市,潮南区,0,,类别4
汕头市,澄海区,0,,类别4
汕头市,南澳县,0,,类别4
佛山市,禅城区,22,,类别4
佛山市,南海区,34,,类别4
佛山市,顺德区,32,,类别4
佛山市,三水区,0,,类别4
佛山市,高明区,0,,类别4
江门市,蓬江区,0,,类别4
江门市,江海区,0,,类别4
江门市,新会区,0,,类别4
江门市,台山市,0,,类别4
江门市,开平市,0,,类别4
江门市,鹤山市,0,,类别4
江门市,恩平市,0,,类别4
湛江市,赤坎区,0,,类别4
湛江市,霞山区,0,,类别4
湛江市,坡头区,0,,类别4
湛江市,麻章区,0,,类别4
湛江市,遂溪县,0,,类别4
湛江市,徐闻县,0,,类别4
湛江市,廉江市,0,,类别4
湛江市,雷州市,0,,类别4
湛江市,吴川市,0,,类别4
茂名市,茂南区,0,,类别4
茂名市,电白区,0,,类别4
茂名市,高州市,0,,类别4
茂名市,化州市,0,,类别4
茂名市,信宜市,0,,类别4
肇庆市,端州区,0,,类别4
肇庆市,鼎湖区,0,,类别4
肇庆市,高要区,0,,类别4
肇庆市,广宁县,0,,类别4
肇庆市,怀集县,0,,类别4
肇庆市,封开县,0,,类别4
肇庆市,德庆县,0,,类别4
肇庆市,四会市,0,,类别4
惠州市,惠城区,0,,类别4
惠州市,惠阳区,0,,类别4
惠州市,博罗县,0,,类别4
惠州市,惠东县,0,,类别4
惠州市,龙门县,0,,类别4
梅州市,梅江区,0,,类别4
梅州市,梅县区,0,,类别4
梅州市,大埔县,0,,类别4
梅州市,丰顺县,0,,类别4
梅州市,五华县,0,,类别4
梅州市,平远县,0,,类别4
梅州市,蕉岭县,0,,类别4
梅州市,兴宁市,0,,类别4
汕尾市,城区,0,,类别4
汕尾市,海丰县,0,,类别4
汕尾市,陆河县,0,,类别4
汕尾市,陆丰市,0,,类别4
河源市,源城区,0,,类别4
河源市,紫金县,0,,类别4
河源市,龙川县,0,,类别4
河源市,连平县,0,,类别4
河源市,和平县,0,,类别4
河源市,东源县,0,,类别4
阳江市,江城区,0,,类别4
阳江市,阳东区,0,,类别4
阳江市,阳西县,0,,类别4
阳江市,阳春市,0,,类别4
清远市,清城区,0,,类别4
清远市,清新区,0,,类别4
清远市,佛冈县,0,,类别4
清远市,阳山县,0,,类别4
清远市,连山壮族瑶族自治县,0,,类别4
清远市,连南瑶族自治县,0,,类别4
清远市,英德市,0,,类别4
清远市,连州市,0,,类别4
东莞市,东莞市,0,,类别4
中山市,中山市,0,,类别4
潮州市,湘桥区,0,,类别4
潮州市,潮安区,0,,类别4
潮州市,饶平县,0,,类别4
揭阳市,榕城区,0,,类别4
揭阳市,揭东区,0,,类别4
揭阳市,揭西县,0,,类别4
揭阳市,惠来县,0,,类别4
揭阳市,普宁市,0,,类别4
云浮市,云城区,0,,类别4
云浮市,云安区,0,,类别4
云浮市,新兴县,0,,类别4
云浮市,郁南县,0,,类别4
云浮市,罗定市,0,,类别4
南宁市,兴宁区,16,43044.0,类别4
南宁市,青秀区,19,43044.0,类别4
南宁市,江南区,16,43044.0,类别4
南宁市,西乡塘区,26,43044.0,类别3
南宁市,良庆区,27,43044.0,类别3
南宁市,邕宁区,0,43044.0,类别4
南宁市,武鸣区,0,43044.0,类别4
南宁市,隆安县,0,43044.0,类别4
南宁市,马山县,0,43044.0,类别4
南宁市,上林县,0,43044.0,类别4
南宁市,宾阳县,0,43044.0,类别4
南宁市,横州市,0,43044.0,类别4
柳州市,城中区,0,,类别4
柳州市,鱼峰区,0,,类别4
柳州市,柳南区,0,,类别4
柳州市,柳北区,0,,类别4
柳州市,柳江区,0,,类别4
柳州市,柳城县,0,,类别4
柳州市,鹿寨县,0,,类别4
柳州市,融安县,0,,类别4
柳州市,融水苗族自治县,0,,类别4
柳州市,三江侗族自治县,0,,类别4
桂林市,秀峰区,0,,类别4
桂林市,叠彩区,0,,类别4
桂林市,象山区,0,,类别4
桂林市,七星区,0,,类别4
桂林市,雁山区,0,,类别4
桂林市,临桂区,0,,类别4
桂林市,阳朔县,0,,类别4
桂林市,灵川县,0,,类别4
桂林市,全州县,0,,类别4
桂林市,兴安县,0,,类别4
桂林市,永福县,0,,类别4
桂林市,灌阳县,0,,类别4
桂林市,龙胜各族自治县,0,,类别4
桂林市,资源县,0,,类别4
桂林市,平乐县,0,,类别4
桂林市,恭城瑶族自治县,0,,类别4
桂林市,荔浦市,0,,类别4
梧州市,万秀区,0,,类别4
梧州市,长洲区,0,,类别4
梧州市,龙圩区,0,,类别4
梧州市,苍梧县,0,,类别4
梧州市,藤县,0,,类别4
梧州市,蒙山县,0,,类别4
梧州市,岑溪市,0,,类别4
北海市,海城区,0,,类别4
北海市,银海区,0,,类别4
北海市,铁山港区,0,,类别4
北海市,合浦县,0,,类别4
防城港市,港口区,0,,类别4
防城港市,防城区,0,,类别4
防城港市,上思县,0,,类别4
防城港市,东兴市,0,,类别4
钦州市,钦南区,0,,类别4
钦州市,钦北区,0,,类别4
钦州市,灵山县,0,,类别4
钦州市,浦北县,0,,类别4
贵港市,港北区,0,,类别4
贵港市,港南区,0,,类别4
贵港市,覃塘区,0,,类别4
贵港市,平南县,0,,类别4
贵港市,桂平市,0,,类别4
玉林市,玉州区,0,,类别4
玉林市,福绵区,0,,类别4
玉林市,容县,0,,类别4
玉林市,陆川县,0,,类别4
玉林市,博白县,0,,类别4
玉林市,兴业县,0,,类别4
玉林市,北流市,0,,类别4
百色市,右江区,0,,类别4
百色市,田阳区,0,,类别4
百色市,田东县,0,,类别4
百色市,德保县,0,,类别4
百色市,那坡县,0,,类别4
百色市,凌云县,0,,类别4
百色市,乐业县,0,,类别4
百色市,田林县,0,,类别4
百色市,西林县,0,,类别4
百色市,隆林各族自治县,0,,类别4
百色市,靖西市,0,,类别4
百色市,平果市,0,,类别4
贺州市,八步区,0,,类别4
贺州市,平桂区,0,,类别4
贺州市,昭平县,0,,类别4
贺州市,钟山县,0,,类别4
贺州市,富川瑶族自治县,0,,类别4
河池市,金城江区,0,,类别4
河池市,宜州区,0,,类别4
河池市,南丹县,0,,类别4
河池市,天峨县,0,,类别4
河池市,凤山县,0,,类别4
河池市,东兰县,0,,类别4
河池市,罗城仫佬族自治县,0,,类别4
河池市,环江毛南族自治县,0,,类别4
河池市,巴马瑶族自治县,0,,类别4
河池市,都安瑶族自治县,0,,类别4
河池市,大化瑶族自治县,0,,类别4
来宾市,兴宾区,0,,类别4
来宾市,忻城县,0,,类别4
来宾市,象州县,0,,类别4
来宾市,武宣县,0,,类别4
来宾市,金秀瑶族自治县,0,,类别4
来宾市,合山市,0,,类别4
崇左市,江州区,0,,类别4
崇左市,扶绥县,0,,类别4
崇左市,宁明县,0,,类别4
崇左市,龙州县,0,,类别4
崇左市,大新县,0,,类别4
崇左市,天等县,0,,类别4
崇左市,凭祥市,0,,类别4
海口市,秀英区,0,,类别4
海口市,龙华区,0,,类别4
海口市,琼山区,0,,类别4
海口市,美兰区,0,,类别4
三亚市,海棠区,0,,类别4
三亚市,吉阳区,0,,类别4
三亚市,天涯区,0,,类别4
三亚市,崖州区,0,,类别4
三沙市,西沙群岛,0,,类别4
三沙市,南沙群岛,0,,类别4
三沙市,中沙群岛的岛礁及其海域,0,,类别4
儋州市,儋州市,0,,类别4
省直辖县级行政区划,五指山市,0,,类别4
省直辖县级行政区划,琼海市,0,,类别4
省直辖县级行政区划,文昌市,0,,类别4
省直辖县级行政区划,万宁市,0,,类别4
省直辖县级行政区划,东方市,0,,类别4
省直辖县级行政区划,定安县,0,,类别4
省直辖县级行政区划,屯昌县,0,,类别4
省直辖县级行政区划,澄迈县,0,,类别4
省直辖县级行政区划,临高县,0,,类别4
省直辖县级行政区划,白沙黎族自治县,0,,类别4
省直辖县级行政区划,昌江黎族自治县,0,,类别4
省直辖县级行政区划,乐东黎族自治县,0,,类别4
省直辖县级行政区划,陵水黎族自治县,0,,类别4
省直辖县级行政区划,保亭黎族苗族自治县,0,,类别4
省直辖县级行政区划,琼中黎族苗族自治县,0,,类别4
市辖区,万州区,0,,类别4
市辖区,涪陵区,0,,类别4
市辖区,渝中区,0,,类别4
市辖区,大渡口区,0,,类别4
市辖区,江北区,0,,类别4
市辖区,沙坪坝区,0,,类别4
市辖区,九龙坡区,0,,类别4
市辖区,南岸区,0,,类别4
市辖区,北碚区,0,,类别4
市辖区,綦江区,0,,类别4
市辖区,大足区,0,,类别4
市辖区,渝北区,0,,类别4
市辖区,巴南区,0,,类别4
市辖区,黔江区,0,,类别4
市辖区,长寿区,0,,类别4
市辖区,江津区,0,,类别4
市辖区,合川区,0,,类别4
市辖区,永川区,0,,类别4
市辖区,南川区,0,,类别4
市辖区,璧山区,0,,类别4
市辖区,铜梁区,0,,类别4
市辖区,潼南区,0,,类别4
市辖区,荣昌区,0,,类别4
市辖区,开州区,0,,类别4
市辖区,梁平区,0,,类别4
市辖区,武隆区,0,,类别4
县,城口县,0,,类别4
县,丰都县,0,,类别4
县,垫江县,0,,类别4
县,忠县,0,,类别4
县,云阳县,0,,类别4
县,奉节县,0,,类别4
县,巫山县,0,,类别4
县,巫溪县,0,,类别4
县,石柱土家族自治县,0,,类别4
县,秀山土家族苗族自治县,0,,类别4
县,酉阳土家族苗族自治县,0,,类别4
县,彭水苗族土家族自治县,0,,类别4
成都市,锦江区,27,47336.0,类别1
成都市,青羊区,33,47336.0,类别1
成都市,金牛区,62,47336.0,类别3
成都市,武侯区,83,47336.0,类别3
成都市,成华区,43,47336.0,类别1
成都市,龙泉驿区,14,47336.0,类别4
成都市,青白江区,0,47336.0,类别4
成都市,新都区,19,47336.0,类别4
成都市,温江区,14,47336.0,类别4
成都市,双流区,81,47336.0,类别3
成都市,郫都区,14,47336.0,类别4
成都市,新津区,7,47336.0,类别4
成都市,金堂县,0,47336.0,类别4
成都市,大邑县,0,47336.0,类别4
成都市,蒲江县,0,47336.0,类别4
成都市,都江堰市,0,47336.0,类别4
成都市,彭州市,0,47336.0,类别4
成都市,邛崃市,0,47336.0,类别4
成都市,崇州市,0,47336.0,类别4
成都市,简阳市,10,47336.0,类别4
自贡市,自流井区,0,,类别4
自贡市,贡井区,0,,类别4
自贡市,大安区,0,,类别4
自贡市,沿滩区,0,,类别4
自贡市,荣县,0,,类别4
自贡市,富顺县,0,,类别4
攀枝花市,东区,0,,类别4
攀枝花市,西区,0,,类别4
攀枝花市,仁和区,0,,类别4
攀枝花市,米易县,0,,类别4
攀枝花市,盐边县,0,,类别4
泸州市,江阳区,0,,类别4
泸州市,纳溪区,0,,类别4
泸州市,龙马潭区,0,,类别4
泸州市,泸县,0,,类别4
泸州市,合江县,0,,类别4
泸州市,叙永县,0,,类别4
泸州市,古蔺县,0,,类别4
德阳市,旌阳区,0,,类别4
德阳市,罗江区,0,,类别4
德阳市,中江县,0,,类别4
德阳市,广汉市,0,,类别4
德阳市,什邡市,0,,类别4
德阳市,绵竹市,0,,类别4
绵阳市,涪城区,0,,类别4
绵阳市,游仙区,0,,类别4
绵阳市,安州区,0,,类别4
绵阳市,三台县,0,,类别4
绵阳市,盐亭县,0,,类别4
绵阳市,梓潼县,0,,类别4
绵阳市,北川羌族自治县,0,,类别4
绵阳市,平武县,0,,类别4
绵阳市,江油市,0,,类别4
广元市,利州区,0,,类别4
广元市,昭化区,0,,类别4
广元市,朝天区,0,,类别4
广元市,旺苍县,0,,类别4
广元市,青川县,0,,类别4
广元市,剑阁县,0,,类别4
广元市,苍溪县,0,,类别4
遂宁市,船山区,0,,类别4
遂宁市,安居区,0,,类别4
遂宁市,蓬溪县,0,,类别4
遂宁市,大英县,0,,类别4
遂宁市,射洪市,0,,类别4
内江市,市中区,0,,类别4
内江市,东兴区,0,,类别4
内江市,威远县,0,,类别4
内江市,资中县,0,,类别4
内江市,隆昌市,0,,类别4
乐山市,市中区,0,,类别4
乐山市,沙湾区,0,,类别4
乐山市,五通桥区,0,,类别4
乐山市,金口河区,0,,类别4
乐山市,犍为县,0,,类别4
乐山市,井研县,0,,类别4
乐山市,夹江县,0,,类别4
乐山市,沐川县,0,,类别4
乐山市,峨边彝族自治县,0,,类别4
乐山市,马边彝族自治县,0,,类别4
乐山市,峨眉山市,0,,类别4
南充市,顺庆区,0,,类别4
南充市,高坪区,0,,类别4
南充市,嘉陵区,0,,类别4
南充市,南部县,0,,类别4
南充市,营山县,0,,类别4
南充市,蓬安县,0,,类别4
南充市,仪陇县,0,,类别4
南充市,西充县,0,,类别4
南充市,阆中市,0,,类别4
眉山市,东坡区,0,,类别4
眉山市,彭山区,0,,类别4
眉山市,仁寿县,0,,类别4
眉山市,洪雅县,0,,类别4
眉山市,丹棱县,0,,类别4
眉山市,青神县,0,,类别4
宜宾市,翠屏区,0,,类别4
宜宾市,南溪区,0,,类别4
宜宾市,叙州区,0,,类别4
宜宾市,江安县,0,,类别4
宜宾市,长宁县,0,,类别4
宜宾市,高县,0,,类别4
宜宾市,珙县,0,,类别4
宜宾市,筠连县,0,,类别4
宜宾市,兴文县,0,,类别4
宜宾市,屏山县,0,,类别4
广安市,广安区,0,,类别4
广安市,前锋区,0,,类别4
广安市,岳池县,0,,类别4
广安市,武胜县,0,,类别4
广安市,邻水县,0,,类别4
广安市,华蓥市,0,,类别4
达州市,通川区,0,,类别4
达州市,达川区,0,,类别4
达州市,宣汉县,0,,类别4
达州市,开江县,0,,类别4
达州市,大竹县,0,,类别4
达州市,渠县,0,,类别4
达州市,万源市,0,,类别4
雅安市,雨城区,0,,类别4
雅安市,名山区,0,,类别4
雅安市,荥经县,0,,类别4
雅安市,汉源县,0,,类别4
雅安市,石棉县,0,,类别4
雅安市,天全县,0,,类别4
雅安市,芦山县,0,,类别4
雅安市,宝兴县,0,,类别4
巴中市,巴州区,0,,类别4
巴中市,恩阳区,0,,类别4
巴中市,通江县,0,,类别4
巴中市,南江县,0,,类别4
巴中市,平昌县,0,,类别4
资阳市,雁江区,0,,类别4
资阳市,安岳县,0,,类别4
资阳市,乐至县,0,,类别4
阿坝藏族羌族自治州,马尔康市,0,,类别4
阿坝藏族羌族自治州,汶川县,0,,类别4
阿坝藏族羌族自治州,理县,0,,类别4
阿坝藏族羌族自治州,茂县,0,,类别4
阿坝藏族羌族自治州,松潘县,0,,类别4
阿坝藏族羌族自治州,九寨沟县,0,,类别4
阿坝藏族羌族自治州,金川县,0,,类别4
阿坝藏族羌族自治州,小金县,0,,类别4
阿坝藏族羌族自治州,黑水县,0,,类别4
阿坝藏族羌族自治州,壤塘县,0,,类别4
阿坝藏族羌族自治州,阿坝县,0,,类别4
阿坝藏族羌族自治州,若尔盖县,0,,类别4
阿坝藏族羌族自治州,红原县,0,,类别4
甘孜藏族自治州,康定市,0,,类别4
甘孜藏族自治州,泸定县,0,,类别4
甘孜藏族自治州,丹巴县,0,,类别4
甘孜藏族自治州,九龙县,0,,类别4
甘孜藏族自治州,雅江县,0,,类别4
甘孜藏族自治州,道孚县,0,,类别4
甘孜藏族自治州,炉霍县,0,,类别4
甘孜藏族自治州,甘孜县,0,,类别4
甘孜藏族自治州,新龙县,0,,类别4
甘孜藏族自治州,德格县,0,,类别4
甘孜藏族自治州,白玉县,0,,类别4
甘孜藏族自治州,石渠县,0,,类别4
甘孜藏族自治州,色达县,0,,类别4
甘孜藏族自治州,理塘县,0,,类别4
甘孜藏族自治州,巴塘县,0,,类别4
甘孜藏族自治州,乡城县,0,,类别4
甘孜藏族自治州,稻城县,0,,类别4
甘孜藏族自治州,得荣县,0,,类别4
凉山彝族自治州,西昌市,0,,类别4
凉山彝族自治州,会理市,0,,类别4
凉山彝族自治州,木里藏族自治县,0,,类别4
凉山彝族自治州,盐源县,0,,类别4
凉山彝族自治州,德昌县,0,,类别4
凉山彝族自治州,会东县,0,,类别4
凉山彝族自治州,宁南县,0,,类别4
凉山彝族自治州,普格县,0,,类别4
凉山彝族自治州,布拖县,0,,类别4
凉山彝族自治州,金阳县,0,,类别4
凉山彝族自治州,昭觉县,0,,类别4
凉山彝族自治州,喜德县,0,,类别4
凉山彝族自治州,冕宁县,0,,类别4
凉山彝族自治州,越西县,0,,类别4
凉山彝族自治州,甘洛县,0,,类别4
凉山彝族自治州,美姑县,0,,类别4
凉山彝族自治州,雷波县,0,,类别4
贵阳市,南明区,24,44558.0,类别4
贵阳市,云岩区,21,44558.0,类别4
贵阳市,花溪区,24,44558.0,类别4
贵阳市,乌当区,6,44558.0,类别4
贵阳市,白云区,4,44558.0,类别4
贵阳市,观山湖区,18,44558.0,类别1
贵阳市,开阳县,0,44558.0,类别4
贵阳市,息烽县,0,44558.0,类别4
贵阳市,修文县,0,44558.0,类别4
贵阳市,清镇市,2,44558.0,类别4
六盘水市,钟山区,0,,类别4
六盘水市,六枝特区,0,,类别4
六盘水市,水城区,0,,类别4
六盘水市,盘州市,0,,类别4
遵义市,红花岗区,0,,类别4
遵义市,汇川区,0,,类别4
遵义市,播州区,0,,类别4
遵义市,桐梓县,0,,类别4
遵义市,绥阳县,0,,类别4
遵义市,正安县,0,,类别4
遵义市,道真仡佬族苗族自治县,0,,类别4
遵义市,务川仡佬族苗族自治县,0,,类别4
遵义市,凤冈县,0,,类别4
遵义市,湄潭县,0,,类别4
遵义市,余庆县,0,,类别4
遵义市,习水县,0,,类别4
遵义市,赤水市,0,,类别4
遵义市,仁怀市,0,,类别4
安顺市,西秀区,0,,类别4
安顺市,平坝区,0,,类别4
安顺市,普定县,0,,类别4
安顺市,镇宁布依族苗族自治县,0,,类别4
安顺市,关岭布依族苗族自治县,0,,类别4
安顺市,紫云苗族布依族自治县,0,,类别4
毕节市,七星关区,0,,类别4
毕节市,大方县,0,,类别4
毕节市,金沙县,0,,类别4
毕节市,织金县,0,,类别4
毕节市,纳雍县,0,,类别4
毕节市,威宁彝族回族苗族自治县,0,,类别4
毕节市,赫章县,0,,类别4
毕节市,黔西市,0,,类别4
铜仁市,碧江区,0,,类别4
铜仁市,万山区,0,,类别4
铜仁市,江口县,0,,类别4
铜仁市,玉屏侗族自治县,0,,类别4
铜仁市,石阡县,0,,类别4
铜仁市,思南县,0,,类别4
铜仁市,印江土家族苗族自治县,0,,类别4
铜仁市,德江县,0,,类别4
铜仁市,沿河土家族自治县,0,,类别4
铜仁市,松桃苗族自治县,0,,类别4
黔西南布依族苗族自治州,兴义市,0,,类别4
黔西南布依族苗族自治州,兴仁市,0,,类别4
黔西南布依族苗族自治州,普安县,0,,类别4
黔西南布依族苗族自治州,晴隆县,0,,类别4
黔西南布依族苗族自治州,贞丰县,0,,类别4
黔西南布依族苗族自治州,望谟县,0,,类别4
黔西南布依族苗族自治州,册亨县,0,,类别4
黔西南布依族苗族自治州,安龙县,0,,类别4
黔东南苗族侗族自治州,凯里市,0,,类别4
黔东南苗族侗族自治州,黄平县,0,,类别4
黔东南苗族侗族自治州,施秉县,0,,类别4
黔东南苗族侗族自治州,三穗县,0,,类别4
黔东南苗族侗族自治州,镇远县,0,,类别4
黔东南苗族侗族自治州,岑巩县,0,,类别4
黔东南苗族侗族自治州,天柱县,0,,类别4
黔东南苗族侗族自治州,锦屏县,0,,类别4
黔东南苗族侗族自治州,剑河县,0,,类别4
黔东南苗族侗族自治州,台江县,0,,类别4
黔东南苗族侗族自治州,黎平县,0,,类别4
黔东南苗族侗族自治州,榕江县,0,,类别4
黔东南苗族侗族自治州,从江县,0,,类别4
黔东南苗族侗族自治州,雷山县,0,,类别4
黔东南苗族侗族自治州,麻江县,0,,类别4
黔东南苗族侗族自治州,丹寨县,0,,类别4
黔南布依族苗族自治州,都匀市,0,,类别4
黔南布依族苗族自治州,福泉市,0,,类别4
黔南布依族苗族自治州,荔波县,0,,类别4
黔南布依族苗族自治州,贵定县,0,,类别4
黔南布依族苗族自治州,瓮安县,0,,类别4
黔南布依族苗族自治州,独山县,0,,类别4
黔南布依族苗族自治州,平塘县,0,,类别4
黔南布依族苗族自治州,罗甸县,0,,类别4
黔南布依族苗族自治州,长顺县,0,,类别4
黔南布依族苗族自治州,龙里县,0,,类别4
黔南布依族苗族自治州,惠水县,0,,类别4
黔南布依族苗族自治州,三都水族自治县,0,,类别4
昆明市,五华区,16,45312.0,类别4
昆明市,盘龙区,26,45312.0,类别3
昆明市,官渡区,45,45312.0,类别1
昆明市,西山区,18,45312.0,类别1
昆明市,东川区,0,45312.0,类别4
昆明市,呈贡区,23,45312.0,类别4
昆明市,晋宁区,0,45312.0,类别4
昆明市,富民县,0,45312.0,类别4
昆明市,宜良县,0,45312.0,类别4
昆明市,石林彝族自治县,0,45312.0,类别4
昆明市,嵩明县,0,45312.0,类别4
昆明市,禄劝彝族苗族自治县,0,45312.0,类别4
昆明市,寻甸回族彝族自治县,0,45312.0,类别4
昆明市,安宁市,0,45312.0,类别4
曲靖市,麒麟区,0,,类别4
曲靖市,沾益区,0,,类别4
曲靖市,马龙区,0,,类别4
曲靖市,陆良县,0,,类别4
曲靖市,师宗县,0,,类别4
曲靖市,罗平县,0,,类别4
曲靖市,富源县,0,,类别4
曲靖市,会泽县,0,,类别4
曲靖市,宣威市,0,,类别4
玉溪市,红塔区,0,,类别4
玉溪市,江川区,0,,类别4
玉溪市,通海县,0,,类别4
玉溪市,华宁县,0,,类别4
玉溪市,易门县,0,,类别4
玉溪市,峨山彝族自治县,0,,类别4
玉溪市,新平彝族傣族自治县,0,,类别4
玉溪市,元江哈尼族彝族傣族自治县,0,,类别4
玉溪市,澄江市,0,,类别4
保山市,隆阳区,0,,类别4
保山市,施甸县,0,,类别4
保山市,龙陵县,0,,类别4
保山市,昌宁县,0,,类别4
保山市,腾冲市,0,,类别4
昭通市,昭阳区,0,,类别4
昭通市,鲁甸县,0,,类别4
昭通市,巧家县,0,,类别4
昭通市,盐津县,0,,类别4
昭通市,大关县,0,,类别4
昭通市,永善县,0,,类别4
昭通市,绥江县,0,,类别4
昭通市,镇雄县,0,,类别4
昭通市,彝良县,0,,类别4
昭通市,威信县,0,,类别4
昭通市,水富市,0,,类别4
丽江市,古城区,0,,类别4
丽江市,玉龙纳西族自治县,0,,类别4
丽江市,永胜县,0,,类别4
丽江市,华坪县,0,,类别4
丽江市,宁蒗彝族自治县,0,,类别4
普洱市,思茅区,0,,类别4
普洱市,宁洱哈尼族彝族自治县,0,,类别4
普洱市,墨江哈尼族自治县,0,,类别4
普洱市,景东彝族自治县,0,,类别4
普洱市,景谷傣族彝族自治县,0,,类别4
普洱市,镇沅彝族哈尼族拉祜族自治县,0,,类别4
普洱市,江城哈尼族彝族自治县,0,,类别4
普洱市,孟连傣族拉祜族佤族自治县,0,,类别4
普洱市,澜沧拉祜族自治县,0,,类别4
普洱市,西盟佤族自治县,0,,类别4
临沧市,临翔区,0,,类别4
临沧市,凤庆县,0,,类别4
临沧市,云县,0,,类别4
临沧市,永德县,0,,类别4
临沧市,镇康县,0,,类别4
临沧市,双江拉祜族佤族布朗族傣族自治县,0,,类别4
临沧市,耿马傣族佤族自治县,0,,类别4
临沧市,沧源佤族自治县,0,,类别4
楚雄彝族自治州,楚雄市,0,,类别4
楚雄彝族自治州,禄丰市,0,,类别4
楚雄彝族自治州,双柏县,0,,类别4
楚雄彝族自治州,牟定县,0,,类别4
楚雄彝族自治州,南华县,0,,类别4
楚雄彝族自治州,姚安县,0,,类别4
楚雄彝族自治州,大姚县,0,,类别4
楚雄彝族自治州,永仁县,0,,类别4
楚雄彝族自治州,元谋县,0,,类别4
楚雄彝族自治州,武定县,0,,类别4
红河哈尼族彝族自治州,个旧市,0,,类别4
红河哈尼族彝族自治州,开远市,0,,类别4
红河哈尼族彝族自治州,蒙自市,0,,类别4
红河哈尼族彝族自治州,弥勒市,0,,类别4
红河哈尼族彝族自治州,屏边苗族自治县,0,,类别4
红河哈尼族彝族自治州,建水县,0,,类别4
红河哈尼族彝族自治州,石屏县,0,,类别4
红河哈尼族彝族自治州,泸西县,0,,类别4
红河哈尼族彝族自治州,元阳县,0,,类别4
红河哈尼族彝族自治州,红河县,0,,类别4
红河哈尼族彝族自治州,金平苗族瑶族傣族自治县,0,,类别4
红河哈尼族彝族自治州,绿春县,0,,类别4
红河哈尼族彝族自治州,河口瑶族自治县,0,,类别4
文山壮族苗族自治州,文山市,0,,类别4
文山壮族苗族自治州,砚山县,0,,类别4
文山壮族苗族自治州,西畴县,0,,类别4
文山壮族苗族自治州,麻栗坡县,0,,类别4
文山壮族苗族自治州,马关县,0,,类别4
文山壮族苗族自治州,丘北县,0,,类别4
文山壮族苗族自治州,广南县,0,,类别4
文山壮族苗族自治州,富宁县,0,,类别4
西双版纳傣族自治州,景洪市,0,,类别4
西双版纳傣族自治州,勐海县,0,,类别4
西双版纳傣族自治州,勐腊县,0,,类别4
大理白族自治州,大理市,0,,类别4
大理白族自治州,漾濞彝族自治县,0,,类别4
大理白族自治州,祥云县,0,,类别4
大理白族自治州,宾川县,0,,类别4
大理白族自治州,弥渡县,0,,类别4
大理白族自治州,南涧彝族自治县,0,,类别4
大理白族自治州,巍山彝族回族自治县,0,,类别4
大理白族自治州,永平县,0,,类别4
大理白族自治州,云龙县,0,,类别4
大理白族自治州,洱源县,0,,类别4
大理白族自治州,剑川县,0,,类别4
大理白族自治州,鹤庆县,0,,类别4
德宏傣族景颇族自治州,瑞丽市,0,,类别4
德宏傣族景颇族自治州,芒市,0,,类别4
德宏傣族景颇族自治州,梁河县,0,,类别4
德宏傣族景颇族自治州,盈江县,0,,类别4
德宏傣族景颇族自治州,陇川县,0,,类别4
怒江傈僳族自治州,泸水市,0,,类别4
怒江傈僳族自治州,福贡县,0,,类别4
怒江傈僳族自治州,贡山独龙族怒族自治县,0,,类别4
怒江傈僳族自治州,兰坪白族普米族自治县,0,,类别4
迪庆藏族自治州,香格里拉市,0,,类别4
迪庆藏族自治州,德钦县,0,,类别4
迪庆藏族自治州,维西傈僳族自治县,0,,类别4
拉萨市,城关区,0,55444.0,类别4
拉萨市,堆龙德庆区,0,55444.0,类别4
拉萨市,达孜区,0,55444.0,类别4
拉萨市,林周县,0,55444.0,类别4
拉萨市,当雄县,0,55444.0,类别4
拉萨市,尼木县,0,55444.0,类别4
拉萨市,曲水县,0,55444.0,类别4
拉萨市,墨竹工卡县,0,55444.0,类别4
拉萨市,格尔木藏青工业园区,0,55444.0,类别4
拉萨市,拉萨经济技术开发区,0,55444.0,类别4
拉萨市,西藏文化旅游创意园区,0,55444.0,类别4
拉萨市,达孜工业园区,0,55444.0,类别4
日喀则市,桑珠孜区,0,,类别4
日喀则市,南木林县,0,,类别4
日喀则市,江孜县,0,,类别4
日喀则市,定日县,0,,类别4
日喀则市,萨迦县,0,,类别4
日喀则市,拉孜县,0,,类别4
日喀则市,昂仁县,0,,类别4
日喀则市,谢通门县,0,,类别4
日喀则市,白朗县,0,,类别4
日喀则市,仁布县,0,,类别4
日喀则市,康马县,0,,类别4
日喀则市,定结县,0,,类别4
日喀则市,仲巴县,0,,类别4
日喀则市,亚东县,0,,类别4
日喀则市,吉隆县,0,,类别4
日喀则市,聂拉木县,0,,类别4
日喀则市,萨嘎县,0,,类别4
日喀则市,岗巴县,0,,类别4
昌都市,卡若区,0,,类别4
昌都市,江达县,0,,类别4
昌都市,贡觉县,0,,类别4
昌都市,类乌齐县,0,,类别4
昌都市,丁青县,0,,类别4
昌都市,察雅县,0,,类别4
昌都市,八宿县,0,,类别4
昌都市,左贡县,0,,类别4
昌都市,芒康县,0,,类别4
昌都市,洛隆县,0,,类别4
昌都市,边坝县,0,,类别4
林芝市,巴宜区,0,,类别4
林芝市,工布江达县,0,,类别4
林芝市,墨脱县,0,,类别4
林芝市,波密县,0,,类别4
林芝市,察隅县,0,,类别4
林芝市,朗县,0,,类别4
林芝市,米林市,0,,类别4
山南市,乃东区,0,,类别4
山南市,扎囊县,0,,类别4
山南市,贡嘎县,0,,类别4
山南市,桑日县,0,,类别4
山南市,琼结县,0,,类别4
山南市,曲松县,0,,类别4
山南市,措美县,0,,类别4
山南市,洛扎县,0,,类别4
山南市,加查县,0,,类别4
山南市,隆子县,0,,类别4
山南市,浪卡子县,0,,类别4
山南市,错那市,0,,类别4
那曲市,色尼区,0,,类别4
那曲市,嘉黎县,0,,类别4
那曲市,比如县,0,,类别4
那曲市,聂荣县,0,,类别4
那曲市,安多县,0,,类别4
那曲市,申扎县,0,,类别4
那曲市,索县,0,,类别4
那曲市,班戈县,0,,类别4
那曲市,巴青县,0,,类别4
那曲市,尼玛县,0,,类别4
那曲市,双湖县,0,,类别4
阿里地区,普兰县,0,,类别4
阿里地区,札达县,0,,类别4
阿里地区,噶尔县,0,,类别4
阿里地区,日土县,0,,类别4
阿里地区,革吉县,0,,类别4
阿里地区,改则县,0,,类别4
阿里地区,措勤县,0,,类别4
西安市,新城区,22,46821.0,类别4
西安市,碑林区,18,46821.0,类别3
西安市,莲湖区,26,46821.0,类别3
西安市,灞桥区,31,46821.0,类别3
西安市,未央区,49,46821.0,类别1
西安市,雁塔区,50,46821.0,类别1
西安市,阎良区,0,46821.0,类别4
西安市,临潼区,9,46821.0,类别4
西安市,长安区,33,46821.0,类别3
西安市,高陵区,8,46821.0,类别4
西安市,鄠邑区,0,46821.0,类别4
西安市,蓝田县,0,46821.0,类别4
西安市,周至县,0,46821.0,类别4
铜川市,王益区,0,,类别4
铜川市,印台区,0,,类别4
铜川市,耀州区,0,,类别4
铜川市,宜君县,0,,类别4
宝鸡市,渭滨区,0,,类别4
宝鸡市,金台区,0,,类别4
宝鸡市,陈仓区,0,,类别4
宝鸡市,凤翔区,0,,类别4
宝鸡市,岐山县,0,,类别4
宝鸡市,扶风县,0,,类别4
宝鸡市,眉县,0,,类别4
宝鸡市,陇县,0,,类别4
宝鸡市,千阳县,0,,类别4
宝鸡市,麟游县,0,,类别4
宝鸡市,凤县,0,,类别4
宝鸡市,太白县,0,,类别4
咸阳市,秦都区,0,,类别4
咸阳市,杨陵区,0,,类别4
咸阳市,渭城区,0,,类别4
咸阳市,三原县,0,,类别4
咸阳市,泾阳县,0,,类别4
咸阳市,乾县,0,,类别4
咸阳市,礼泉县,0,,类别4
咸阳市,永寿县,0,,类别4
咸阳市,长武县,0,,类别4
咸阳市,旬邑县,0,,类别4
咸阳市,淳化县,0,,类别4
咸阳市,武功县,0,,类别4
咸阳市,兴平市,0,,类别4
咸阳市,彬州市,0,,类别4
渭南市,临渭区,0,,类别4
渭南市,华州区,0,,类别4
渭南市,潼关县,0,,类别4
渭南市,大荔县,0,,类别4
渭南市,合阳县,0,,类别4
渭南市,澄城县,0,,类别4
渭南市,蒲城县,0,,类别4
渭南市,白水县,0,,类别4
渭南市,富平县,0,,类别4
渭南市,韩城市,0,,类别4
渭南市,华阴市,0,,类别4
延安市,宝塔区,0,,类别4
延安市,安塞区,0,,类别4
延安市,延长县,0,,类别4
延安市,延川县,0,,类别4
延安市,志丹县,0,,类别4
延安市,吴起县,0,,类别4
延安市,甘泉县,0,,类别4
延安市,富县,0,,类别4
延安市,洛川县,0,,类别4
延安市,宜川县,0,,类别4
延安市,黄龙县,0,,类别4
延安市,黄陵县,0,,类别4
延安市,子长市,0,,类别4
汉中市,汉台区,0,,类别4
汉中市,南郑区,0,,类别4
汉中市,城固县,0,,类别4
汉中市,洋县,0,,类别4
汉中市,西乡县,0,,类别4
汉中市,勉县,0,,类别4
汉中市,宁强县,0,,类别4
汉中市,略阳县,0,,类别4
汉中市,镇巴县,0,,类别4
汉中市,留坝县,0,,类别4
汉中市,佛坪县,0,,类别4
榆林市,榆阳区,0,,类别4
榆林市,横山区,0,,类别4
榆林市,府谷县,0,,类别4
榆林市,靖边县,0,,类别4
榆林市,定边县,0,,类别4
榆林市,绥德县,0,,类别4
榆林市,米脂县,0,,类别4
榆林市,佳县,0,,类别4
榆林市,吴堡县,0,,类别4
榆林市,清涧县,0,,类别4
榆林市,子洲县,0,,类别4
榆林市,神木市,0,,类别4
安康市,汉滨区,0,,类别4
安康市,汉阴县,0,,类别4
安康市,石泉县,0,,类别4
安康市,宁陕县,0,,类别4
安康市,紫阳县,0,,类别4
安康市,岚皋县,0,,类别4
安康市,平利县,0,,类别4
安康市,镇坪县,0,,类别4
安康市,白河县,0,,类别4
安康市,旬阳市,0,,类别4
商洛市,商州区,0,,类别4
商洛市,洛南县,0,,类别4
商洛市,丹凤县,0,,类别4
商洛市,商南县,0,,类别4
商洛市,山阳县,0,,类别4
商洛市,镇安县,0,,类别4
商洛市,柞水县,0,,类别4
兰州市,城关区,18,41842.0,类别4
兰州市,七里河区,8,41842.0,类别4
兰州市,西固区,1,41842.0,类别4
兰州市,安宁区,2,41842.0,类别4
兰州市,红古区,0,41842.0,类别4
兰州市,永登县,0,41842.0,类别4
兰州市,皋兰县,0,41842.0,类别4
兰州市,榆中县,0,41842.0,类别4
兰州市,兰州新区,0,41842.0,类别4
嘉峪关市,嘉峪关市,0,,类别4
金昌市,金川区,0,,类别4
金昌市,永昌县,0,,类别4
白银市,白银区,0,,类别4
白银市,平川区,0,,类别4
白银市,靖远县,0,,类别4
白银市,会宁县,0,,类别4
白银市,景泰县,0,,类别4
天水市,秦州区,0,,类别4
天水市,麦积区,0,,类别4
天水市,清水县,0,,类别4
天水市,秦安县,0,,类别4
天水市,甘谷县,0,,类别4
天水市,武山县,0,,类别4
天水市,张家川回族自治县,0,,类别4
武威市,凉州区,0,,类别4
武威市,民勤县,0,,类别4
武威市,古浪县,0,,类别4
武威市,天祝藏族自治县,0,,类别4
张掖市,甘州区,0,,类别4
张掖市,肃南裕固族自治县,0,,类别4
张掖市,民乐县,0,,类别4
张掖市,临泽县,0,,类别4
张掖市,高台县,0,,类别4
张掖市,山丹县,0,,类别4
平凉市,崆峒区,0,,类别4
平凉市,泾川县,0,,类别4
平凉市,灵台县,0,,类别4
平凉市,崇信县,0,,类别4
平凉市,庄浪县,0,,类别4
平凉市,静宁县,0,,类别4
平凉市,华亭市,0,,类别4
酒泉市,肃州区,0,,类别4
酒泉市,金塔县,0,,类别4
酒泉市,瓜州县,0,,类别4
酒泉市,肃北蒙古族自治县,0,,类别4
酒泉市,阿克塞哈萨克族自治县,0,,类别4
酒泉市,玉门市,0,,类别4
酒泉市,敦煌市,0,,类别4
庆阳市,西峰区,0,,类别4
庆阳市,庆城县,0,,类别4
庆阳市,环县,0,,类别4
庆阳市,华池县,0,,类别4
庆阳市,合水县,0,,类别4
庆阳市,正宁县,0,,类别4
庆阳市,宁县,0,,类别4
庆阳市,镇原县,0,,类别4
定西市,安定区,0,,类别4
定西市,通渭县,0,,类别4
定西市,陇西县,0,,类别4
定西市,渭源县,0,,类别4
定西市,临洮县,0,,类别4
定西市,漳县,0,,类别4
定西市,岷县,0,,类别4
陇南市,武都区,0,,类别4
陇南市,成县,0,,类别4
陇南市,文县,0,,类别4
陇南市,宕昌县,0,,类别4
陇南市,康县,0,,类别4
陇南市,西和县,0,,类别4
陇南市,礼县,0,,类别4
陇南市,徽县,0,,类别4
陇南市,两当县,0,,类别4
临夏回族自治州,临夏市,0,,类别4
临夏回族自治州,临夏县,0,,类别4
临夏回族自治州,康乐县,0,,类别4
临夏回族自治州,永靖县,0,,类别4
临夏回族自治州,广河县,0,,类别4
临夏回族自治州,和政县,0,,类别4
临夏回族自治州,东乡族自治县,0,,类别4
临夏回族自治州,积石山保安族东乡族撒拉族自治县,0,,类别4
甘南藏族自治州,合作市,0,,类别4
甘南藏族自治州,临潭县,0,,类别4
甘南藏族自治州,卓尼县,0,,类别4
甘南藏族自治州,舟曲县,0,,类别4
甘南藏族自治州,迭部县,0,,类别4
甘南藏族自治州,玛曲县,0,,类别4
甘南藏族自治州,碌曲县,0,,类别4
甘南藏族自治州,夏河县,0,,类别4
西宁市,城东区,0,42191.0,类别4
西宁市,城中区,0,42191.0,类别4
西宁市,城西区,0,42191.0,类别4
西宁市,城北区,0,42191.0,类别4
西宁市,湟中区,0,42191.0,类别4
西宁市,大通回族土族自治县,0,42191.0,类别4
西宁市,湟源县,0,42191.0,类别4
海东市,乐都区,0,,类别4
海东市,平安区,0,,类别4
海东市,民和回族土族自治县,0,,类别4
海东市,互助土族自治县,0,,类别4
海东市,化隆回族自治县,0,,类别4
海东市,循化撒拉族自治县,0,,类别4
海北藏族自治州,门源回族自治县,0,,类别4
海北藏族自治州,祁连县,0,,类别4
海北藏族自治州,海晏县,0,,类别4
海北藏族自治州,刚察县,0,,类别4
黄南藏族自治州,同仁市,0,,类别4
黄南藏族自治州,尖扎县,0,,类别4
黄南藏族自治州,泽库县,0,,类别4
黄南藏族自治州,河南蒙古族自治县,0,,类别4
海南藏族自治州,共和县,0,,类别4
海南藏族自治州,同德县,0,,类别4
海南藏族自治州,贵德县,0,,类别4
海南藏族自治州,兴海县,0,,类别4
海南藏族自治州,贵南县,0,,类别4
果洛藏族自治州,玛沁县,0,,类别4
果洛藏族自治州,班玛县,0,,类别4
果洛藏族自治州,甘德县,0,,类别4
果洛藏族自治州,达日县,0,,类别4
果洛藏族自治州,久治县,0,,类别4
果洛藏族自治州,玛多县,0,,类别4
玉树藏族自治州,玉树市,0,,类别4
玉树藏族自治州,杂多县,0,,类别4
玉树藏族自治州,称多县,0,,类别4
玉树藏族自治州,治多县,0,,类别4
玉树藏族自治州,囊谦县,0,,类别4
玉树藏族自治州,曲麻莱县,0,,类别4
海西蒙古族藏族自治州,格尔木市,0,,类别4
海西蒙古族藏族自治州,德令哈市,0,,类别4
海西蒙古族藏族自治州,茫崖市,0,,类别4
海西蒙古族藏族自治州,乌兰县,0,,类别4
海西蒙古族藏族自治州,都兰县,0,,类别4
海西蒙古族藏族自治州,天峻县,0,,类别4
海西蒙古族藏族自治州,大柴旦行政委员会,0,,类别4
银川市,兴庆区,0,44449.0,类别4
银川市,西夏区,0,44449.0,类别4
银川市,金凤区,0,44449.0,类别4
银川市,永宁县,0,44449.0,类别4
银川市,贺兰县,0,44449.0,类别4
银川市,灵武市,0,44449.0,类别4
石嘴山市,大武口区,0,,类别4
石嘴山市,惠农区,0,,类别4
石嘴山市,平罗县,0,,类别4
吴忠市,利通区,0,,类别4
吴忠市,红寺堡区,0,,类别4
吴忠市,盐池县,0,,类别4
吴忠市,同心县,0,,类别4
吴忠市,青铜峡市,0,,类别4
固原市,原州区,0,,类别4
固原市,西吉县,0,,类别4
固原市,隆德县,0,,类别4
固原市,泾源县,0,,类别4
固原市,彭阳县,0,,类别4
中卫市,沙坡头区,0,,类别4
中卫市,中宁县,0,,类别4
中卫市,海原县,0,,类别4
乌鲁木齐市,天山区,5,42820.0,类别4
乌鲁木齐市,沙依巴克区,1,42820.0,类别4
乌鲁木齐市,新市区,13,42820.0,类别4
乌鲁木齐市,水磨沟区,4,42820.0,类别4
乌鲁木齐市,头屯河区,0,42820.0,类别4
乌鲁木齐市,达坂城区,0,42820.0,类别4
乌鲁木齐市,米东区,0,42820.0,类别4
乌鲁木齐市,乌鲁木齐县,0,42820.0,类别4
克拉玛依市,独山子区,0,,类别4
克拉玛依市,克拉玛依区,0,,类别4
克拉玛依市,白碱滩区,0,,类别4
克拉玛依市,乌尔禾区,0,,类别4
吐鲁番市,高昌区,0,,类别4
吐鲁番市,鄯善县,0,,类别4
吐鲁番市,托克逊县,0,,类别4
哈密市,伊州区,0,,类别4
哈密市,巴里坤哈萨克自治县,0,,类别4
哈密市,伊吾县,0,,类别4
昌吉回族自治州,昌吉市,0,,类别4
昌吉回族自治州,阜康市,0,,类别4
昌吉回族自治州,呼图壁县,0,,类别4
昌吉回族自治州,玛纳斯县,0,,类别4
昌吉回族自治州,奇台县,0,,类别4
昌吉回族自治州,吉木萨尔县,0,,类别4
昌吉回族自治州,木垒哈萨克自治县,0,,类别4
博尔塔拉蒙古自治州,博乐市,0,,类别4
博尔塔拉蒙古自治州,阿拉山口市,0,,类别4
博尔塔拉蒙古自治州,精河县,0,,类别4
博尔塔拉蒙古自治州,温泉县,0,,类别4
巴音郭楞蒙古自治州,库尔勒市,0,,类别4
巴音郭楞蒙古自治州,轮台县,0,,类别4
巴音郭楞蒙古自治州,尉犁县,0,,类别4
巴音郭楞蒙古自治州,若羌县,0,,类别4
巴音郭楞蒙古自治州,且末县,0,,类别4
巴音郭楞蒙古自治州,焉耆回族自治县,0,,类别4
巴音郭楞蒙古自治州,和静县,0,,类别4
巴音郭楞蒙古自治州,和硕县,0,,类别4
巴音郭楞蒙古自治州,博湖县,0,,类别4
阿克苏地区,阿克苏市,0,,类别4
阿克苏地区,库车市,0,,类别4
阿克苏地区,温宿县,0,,类别4
阿克苏地区,沙雅县,0,,类别4
阿克苏地区,新和县,0,,类别4
阿克苏地区,拜城县,0,,类别4
阿克苏地区,乌什县,0,,类别4
阿克苏地区,阿瓦提县,0,,类别4
阿克苏地区,柯坪县,0,,类别4
克孜勒苏柯尔克孜自治州,阿图什市,0,,类别4
克孜勒苏柯尔克孜自治州,阿克陶县,0,,类别4
克孜勒苏柯尔克孜自治州,阿合奇县,0,,类别4
克孜勒苏柯尔克孜自治州,乌恰县,0,,类别4
喀什地区,喀什市,0,,类别4
喀什地区,疏附县,0,,类别4
喀什地区,疏勒县,0,,类别4
喀什地区,英吉沙县,0,,类别4
喀什地区,泽普县,0,,类别4
喀什地区,莎车县,0,,类别4
喀什地区,叶城县,0,,类别4
喀什地区,麦盖提县,0,,类别4
喀什地区,岳普湖县,0,,类别4
喀什地区,伽师县,0,,类别4
喀什地区,巴楚县,0,,类别4
喀什地区,塔什库尔干塔吉克自治县,0,,类别4
和田地区,和田市,0,,类别4
和田地区,和田县,0,,类别4
和田地区,墨玉县,0,,类别4
和田地区,皮山县,0,,类别4
和田地区,洛浦县,0,,类别4
和田地区,策勒县,0,,类别4
和田地区,于田县,0,,类别4
和田地区,民丰县,0,,类别4
伊犁哈萨克自治州,伊宁市,0,,类别4
伊犁哈萨克自治州,奎屯市,0,,类别4
伊犁哈萨克自治州,霍尔果斯市,0,,类别4
伊犁哈萨克自治州,伊宁县,0,,类别4
伊犁哈萨克自治州,察布查尔锡伯自治县,0,,类别4
伊犁哈萨克自治州,霍城县,0,,类别4
伊犁哈萨克自治州,巩留县,0,,类别4
伊犁哈萨克自治州,新源县,0,,类别4
伊犁哈萨克自治州,昭苏县,0,,类别4
伊犁哈萨克自治州,特克斯县,0,,类别4
伊犁哈萨克自治州,尼勒克县,0,,类别4
塔城地区,塔城市,0,,类别4
塔城地区,乌苏市,0,,类别4
塔城地区,沙湾市,0,,类别4
塔城地区,额敏县,0,,类别4
塔城地区,托里县,0,,类别4
塔城地区,裕民县,0,,类别4
塔城地区,和布克赛尔蒙古自治县,0,,类别4
阿勒泰地区,阿勒泰市,0,,类别4
阿勒泰地区,布尔津县,0,,类别4
阿勒泰地区,富蕴县,0,,类别4
阿勒泰地区,福海县,0,,类别4
阿勒泰地区,哈巴河县,0,,类别4
阿勒泰地区,青河县,0,,类别4
阿勒泰地区,吉木乃县,0,,类别4
自治区直辖县级行政区划,石河子市,0,,类别4
自治区直辖县级行政区划,阿拉尔市,0,,类别4
自治区直辖县级行政区划,图木舒克市,0,,类别4
自治区直辖县级行政区划,五家渠市,0,,类别4
自治区直辖县级行政区划,北屯市,0,,类别4
自治区直辖县级行政区划,铁门关市,0,,类别4
自治区直辖县级行政区划,双河市,0,,类别4
自治区直辖县级行政区划,可克达拉市,0,,类别4
自治区直辖县级行政区划,昆玉市,0,,类别4
自治区直辖县级行政区划,胡杨河市,0,,类别4
自治区直辖县级行政区划,新星市,0,,类别4
自治区直辖县级行政区划,白杨市,0,,类别4
